OrderID,OrderDate,Region,Category,SubCategory,Sales,Profit,InventoryDays,Month,Season
ORD1000,2023-01-01,Central,Furniture,Accessories,872.03,-106.68,80,1,Winter
ORD1001,2023-01-02,South,Office Supplies,Tables,199.41,-187.16,45,1,Winter
ORD1002,2023-01-03,East,Office Supplies,Tables,344.3,-57.73,27,1,Winter
ORD1003,2023-01-04,Central,Furniture,Paper,325.54,21.52,47,1,Winter
ORD1004,2023-01-05,Central,Office Supplies,Phones,877.84,108.55,68,1,Winter
ORD1005,2023-01-06,South,Furniture,Tables,689.07,224.98,18,1,Winter
ORD1006,2023-01-07,East,Office Supplies,Bookcases,806.85,-101.88,82,1,Winter
ORD1007,2023-01-08,East,Furniture,Copiers,287.94,-137.23,119,1,Winter
ORD1008,2023-01-09,Central,Furniture,Tables,643.63,281.74,81,1,Winter
ORD1009,2023-01-10,West,Furniture,Bookcases,593.16,-145.98,60,1,Winter
ORD1010,2023-01-11,Central,Office Supplies,Accessories,841.19,39.25,44,1,Winter
ORD1011,2023-01-12,Central,Office Supplies,Copiers,910.78,92.78,91,1,Winter
ORD1012,2023-01-13,Central,Office Supplies,Phones,61.55,70.69,14,1,Winter
ORD1013,2023-01-14,Central,Furniture,Phones,690.32,-156.98,23,1,Winter
ORD1014,2023-01-15,South,Office Supplies,Paper,99.24,-171.49,101,1,Winter
ORD1015,2023-01-16,East,Office Supplies,Accessories,571.42,-147.26,39,1,Winter
ORD1016,2023-01-17,South,Furniture,Paper,323.25,92.79,13,1,Winter
ORD1017,2023-01-18,South,Technology,Storage,341.44,72.17,48,1,Winter
ORD1018,2023-01-19,South,Furniture,Paper,385.31,-83.13,93,1,Winter
ORD1019,2023-01-20,Central,Office Supplies,Chairs,640.23,118.89,73,1,Winter
ORD1020,2023-01-21,West,Furniture,Storage,367.35,210.03,34,1,Winter
ORD1021,2023-01-22,East,Technology,Paper,746.06,-179.21,37,1,Winter
ORD1022,2023-01-23,West,Furniture,Bookcases,434.3,49.06,85,1,Winter
ORD1023,2023-01-24,South,Office Supplies,Bookcases,114.94,144.66,75,1,Winter
ORD1024,2023-01-25,South,Technology,Tables,794.57,-73.84,116,1,Winter
ORD1025,2023-01-26,West,Office Supplies,Copiers,321.47,-46.11,87,1,Winter
ORD1026,2023-01-27,West,Technology,Chairs,461.13,106.82,31,1,Winter
ORD1027,2023-01-28,West,Technology,Chairs,701.17,248.97,40,1,Winter
ORD1028,2023-01-29,South,Furniture,Storage,365.83,204.96,32,1,Winter
ORD1029,2023-01-30,South,Furniture,Tables,103.76,91.57,57,1,Winter
ORD1030,2023-01-31,East,Office Supplies,Copiers,405.22,165.11,29,1,Winter
ORD1031,2023-02-01,East,Furniture,Chairs,947.23,-17.59,47,2,Winter
ORD1032,2023-02-02,South,Furniture,Copiers,659.65,120.48,64,2,Winter
ORD1033,2023-02-03,West,Technology,Bookcases,687.91,33.09,77,2,Winter
ORD1034,2023-02-04,West,Furniture,Chairs,650.67,-105.03,88,2,Winter
ORD1035,2023-02-05,East,Technology,Bookcases,239.04,150.87,97,2,Winter
ORD1036,2023-02-06,South,Technology,Bookcases,447.42,78.23,98,2,Winter
ORD1037,2023-02-07,East,Technology,Accessories,763.39,-20.69,10,2,Winter
ORD1038,2023-02-08,East,Office Supplies,Accessories,146.3,255.67,16,2,Winter
ORD1039,2023-02-09,Central,Office Supplies,Binders,313.96,-189.53,66,2,Winter
ORD1040,2023-02-10,Central,Office Supplies,Phones,312.5,-42.11,104,2,Winter
ORD1041,2023-02-11,Central,Technology,Chairs,460.42,-171.56,21,2,Winter
ORD1042,2023-02-12,West,Office Supplies,Paper,981.35,183.26,115,2,Winter
ORD1043,2023-02-13,South,Office Supplies,Binders,114.13,151.05,14,2,Winter
ORD1044,2023-02-14,South,Furniture,Binders,542.77,-34.32,117,2,Winter
ORD1045,2023-02-15,South,Office Supplies,Chairs,220.4,137.83,59,2,Winter
ORD1046,2023-02-16,South,Office Supplies,Accessories,972.14,-2.03,51,2,Winter
ORD1047,2023-02-17,Central,Technology,Bookcases,157.64,178.13,111,2,Winter
ORD1048,2023-02-18,West,Technology,Binders,433.42,27.09,21,2,Winter
ORD1049,2023-02-19,West,Technology,Bookcases,750.99,6.14,112,2,Winter
ORD1050,2023-02-20,Central,Technology,Chairs,719.33,267.36,27,2,Winter
ORD1051,2023-02-21,West,Technology,Copiers,451.59,-74.56,75,2,Winter
ORD1052,2023-02-22,Central,Technology,Accessories,379.2,-139.78,83,2,Winter
ORD1053,2023-02-23,South,Office Supplies,Paper,427.73,92.27,88,2,Winter
ORD1054,2023-02-24,Central,Technology,Chairs,301.06,284.66,103,2,Winter
ORD1055,2023-02-25,South,Technology,Bookcases,245.07,-11.08,117,2,Winter
ORD1056,2023-02-26,South,Furniture,Accessories,508.89,-168.98,26,2,Winter
ORD1057,2023-02-27,East,Office Supplies,Chairs,305.11,-30.35,77,2,Winter
ORD1058,2023-02-28,Central,Office Supplies,Chairs,323.09,52.97,80,2,Winter
ORD1059,2023-03-01,East,Office Supplies,Tables,673.92,-119.04,71,3,Winter
ORD1060,2023-03-02,Central,Technology,Accessories,970.11,129.05,50,3,Winter
ORD1061,2023-03-03,Central,Technology,Binders,623.46,298.87,104,3,Winter
ORD1062,2023-03-04,East,Technology,Storage,123.13,25.87,112,3,Winter
ORD1063,2023-03-05,East,Furniture,Bookcases,121.8,-22.64,43,3,Winter
ORD1064,2023-03-06,Central,Technology,Storage,953.85,0.35,79,3,Winter
ORD1065,2023-03-07,West,Furniture,Phones,332.43,-142.43,111,3,Winter
ORD1066,2023-03-08,South,Office Supplies,Accessories,137.46,241.64,54,3,Winter
ORD1067,2023-03-09,East,Technology,Binders,619.09,7.41,67,3,Winter
ORD1068,2023-03-10,South,Furniture,Paper,642.47,-6.36,60,3,Winter
ORD1069,2023-03-11,West,Furniture,Bookcases,666.08,129.85,43,3,Winter
ORD1070,2023-03-12,West,Technology,Storage,304.03,21.02,53,3,Winter
ORD1071,2023-03-13,West,Office Supplies,Tables,64.36,124.12,24,3,Winter
ORD1072,2023-03-14,East,Office Supplies,Tables,966.76,-169.28,87,3,Winter
ORD1073,2023-03-15,West,Office Supplies,Phones,288.35,206.86,79,3,Winter
ORD1074,2023-03-16,East,Furniture,Copiers,692.22,270.25,59,3,Winter
ORD1075,2023-03-17,West,Furniture,Phones,721.3,124.38,110,3,Winter
ORD1076,2023-03-18,South,Furniture,Phones,629.51,277.28,41,3,Winter
ORD1077,2023-03-19,South,Furniture,Binders,347.26,-124.28,76,3,Winter
ORD1078,2023-03-20,Central,Office Supplies,Copiers,307.54,38.71,12,3,Winter
ORD1079,2023-03-21,South,Technology,Binders,617.78,100.9,95,3,Winter
ORD1080,2023-03-22,Central,Furniture,Phones,872.79,90.87,95,3,Winter
ORD1081,2023-03-23,South,Furniture,Binders,949.4,0.73,83,3,Winter
ORD1082,2023-03-24,East,Office Supplies,Chairs,150.61,-30.96,60,3,Winter
ORD1083,2023-03-25,South,Technology,Binders,197.09,-136.59,76,3,Winter
ORD1084,2023-03-26,Central,Technology,Binders,947.5,-4.13,85,3,Winter
ORD1085,2023-03-27,Central,Office Supplies,Copiers,749.71,-118.67,102,3,Winter
ORD1086,2023-03-28,West,Office Supplies,Binders,888.84,167.18,57,3,Winter
ORD1087,2023-03-29,East,Technology,Tables,242.5,-95.58,26,3,Winter
ORD1088,2023-03-30,South,Furniture,Chairs,608.21,-170.72,16,3,Winter
ORD1089,2023-03-31,West,Technology,Phones,716.08,76.18,22,3,Winter
ORD1090,2023-04-01,South,Office Supplies,Bookcases,696.11,97.61,75,4,Spring
ORD1091,2023-04-02,South,Furniture,Storage,437.74,235.96,13,4,Spring
ORD1092,2023-04-03,West,Furniture,Tables,64.63,88.49,19,4,Spring
ORD1093,2023-04-04,West,Office Supplies,Accessories,603.78,-27.26,112,4,Spring
ORD1094,2023-04-05,West,Office Supplies,Storage,290.45,201.51,97,4,Spring
ORD1095,2023-04-06,West,Office Supplies,Copiers,477.74,70.14,26,4,Spring
ORD1096,2023-04-07,West,Technology,Binders,959.7,-160.36,61,4,Spring
ORD1097,2023-04-08,South,Technology,Bookcases,429.08,82.93,15,4,Spring
ORD1098,2023-04-09,West,Furniture,Accessories,847.81,254.01,92,4,Spring
ORD1099,2023-04-10,East,Office Supplies,Phones,229.11,-1.84,78,4,Spring
ORD1100,2023-04-11,Central,Furniture,Paper,688.84,-51.84,105,4,Spring
ORD1101,2023-04-12,West,Furniture,Phones,978.16,-128.27,83,4,Spring
ORD1102,2023-04-13,West,Furniture,Storage,146.8,-124.28,18,4,Spring
ORD1103,2023-04-14,South,Furniture,Paper,57.9,16.39,100,4,Spring
ORD1104,2023-04-15,West,Office Supplies,Binders,461.9,97.84,86,4,Spring
ORD1105,2023-04-16,West,Furniture,Binders,137.99,-159.69,92,4,Spring
ORD1106,2023-04-17,West,Office Supplies,Bookcases,760.97,269.78,30,4,Spring
ORD1107,2023-04-18,South,Office Supplies,Storage,918.82,177.57,33,4,Spring
ORD1108,2023-04-19,West,Technology,Copiers,462.32,93.31,111,4,Spring
ORD1109,2023-04-20,Central,Office Supplies,Tables,295.78,214.22,13,4,Spring
ORD1110,2023-04-21,South,Technology,Phones,462.68,-159.91,33,4,Spring
ORD1111,2023-04-22,Central,Office Supplies,Bookcases,737.28,38.42,68,4,Spring
ORD1112,2023-04-23,South,Office Supplies,Paper,58.6,115.05,108,4,Spring
ORD1113,2023-04-24,West,Office Supplies,Tables,609.98,214.33,12,4,Spring
ORD1114,2023-04-25,Central,Technology,Tables,632.63,191.73,77,4,Spring
ORD1115,2023-04-26,South,Technology,Copiers,655.8,-61.47,110,4,Spring
ORD1116,2023-04-27,East,Furniture,Copiers,279.92,270.44,49,4,Spring
ORD1117,2023-04-28,West,Technology,Binders,728.35,-137.83,57,4,Spring
ORD1118,2023-04-29,South,Technology,Chairs,136.82,237.57,63,4,Spring
ORD1119,2023-04-30,East,Technology,Bookcases,239.31,285.47,44,4,Spring
ORD1120,2023-05-01,South,Technology,Tables,883.6,-111.42,104,5,Spring
ORD1121,2023-05-02,East,Furniture,Paper,751.79,161.03,65,5,Spring
ORD1122,2023-05-03,West,Technology,Paper,63.06,-179.86,117,5,Spring
ORD1123,2023-05-04,Central,Office Supplies,Binders,285.96,2.71,98,5,Spring
ORD1124,2023-05-05,East,Office Supplies,Paper,253.69,58.14,49,5,Spring
ORD1125,2023-05-06,South,Technology,Binders,307.27,90.32,86,5,Spring
ORD1126,2023-05-07,West,Technology,Phones,285.18,267.97,77,5,Spring
ORD1127,2023-05-08,East,Office Supplies,Tables,109.4,136.13,55,5,Spring
ORD1128,2023-05-09,South,Office Supplies,Tables,485.99,40.64,87,5,Spring
ORD1129,2023-05-10,South,Furniture,Bookcases,746.1,204.84,22,5,Spring
ORD1130,2023-05-11,South,Office Supplies,Bookcases,626.4,275.27,36,5,Spring
ORD1131,2023-05-12,East,Office Supplies,Tables,689.23,-188.97,15,5,Spring
ORD1132,2023-05-13,East,Technology,Chairs,127.09,291.26,26,5,Spring
ORD1133,2023-05-14,East,Office Supplies,Chairs,953.92,-156.93,45,5,Spring
ORD1134,2023-05-15,Central,Furniture,Chairs,846.57,207.19,113,5,Spring
ORD1135,2023-05-16,East,Office Supplies,Phones,814.84,-59.83,108,5,Spring
ORD1136,2023-05-17,East,Technology,Chairs,831.83,-133.91,90,5,Spring
ORD1137,2023-05-18,East,Technology,Copiers,936.07,19.93,114,5,Spring
ORD1138,2023-05-19,Central,Office Supplies,Paper,567.04,121.98,11,5,Spring
ORD1139,2023-05-20,East,Technology,Bookcases,240.27,-9.52,86,5,Spring
ORD1140,2023-05-21,South,Furniture,Binders,635.94,-172.72,61,5,Spring
ORD1141,2023-05-22,East,Furniture,Binders,755.74,99.73,75,5,Spring
ORD1142,2023-05-23,South,Office Supplies,Binders,751.02,251.2,61,5,Spring
ORD1143,2023-05-24,South,Office Supplies,Phones,545.38,-8.39,101,5,Spring
ORD1144,2023-05-25,South,Office Supplies,Paper,115.04,-91.83,52,5,Spring
ORD1145,2023-05-26,Central,Technology,Binders,402.56,21.29,99,5,Spring
ORD1146,2023-05-27,Central,Furniture,Paper,924.73,-175.82,31,5,Spring
ORD1147,2023-05-28,Central,Furniture,Chairs,605.23,210.24,116,5,Spring
ORD1148,2023-05-29,East,Technology,Tables,561.42,213.17,64,5,Spring
ORD1149,2023-05-30,South,Furniture,Copiers,305.41,94.0,76,5,Spring
ORD1150,2023-05-31,Central,Office Supplies,Phones,400.03,-23.45,108,5,Spring
ORD1151,2023-06-01,Central,Office Supplies,Tables,900.58,199.89,69,6,Spring
ORD1152,2023-06-02,East,Office Supplies,Copiers,683.14,77.34,67,6,Spring
ORD1153,2023-06-03,Central,Furniture,Chairs,798.02,212.97,21,6,Spring
ORD1154,2023-06-04,East,Office Supplies,Binders,481.63,115.73,97,6,Spring
ORD1155,2023-06-05,West,Technology,Binders,648.73,192.2,78,6,Spring
ORD1156,2023-06-06,Central,Technology,Accessories,285.96,99.28,93,6,Spring
ORD1157,2023-06-07,West,Furniture,Tables,720.19,7.07,112,6,Spring
ORD1158,2023-06-08,East,Technology,Bookcases,456.22,278.97,48,6,Spring
ORD1159,2023-06-09,South,Technology,Accessories,470.42,70.56,22,6,Spring
ORD1160,2023-06-10,Central,Furniture,Tables,666.86,102.54,50,6,Spring
ORD1161,2023-06-11,East,Office Supplies,Binders,939.47,-89.76,66,6,Spring
ORD1162,2023-06-12,South,Office Supplies,Phones,110.81,112.83,62,6,Spring
ORD1163,2023-06-13,South,Office Supplies,Phones,833.51,85.8,118,6,Spring
ORD1164,2023-06-14,West,Furniture,Chairs,327.76,-107.58,21,6,Spring
ORD1165,2023-06-15,East,Technology,Phones,471.72,-170.21,22,6,Spring
ORD1166,2023-06-16,South,Office Supplies,Chairs,70.82,102.18,83,6,Spring
ORD1167,2023-06-17,Central,Office Supplies,Chairs,335.99,181.85,106,6,Spring
ORD1168,2023-06-18,Central,Furniture,Bookcases,527.5,61.7,66,6,Spring
ORD1169,2023-06-19,West,Office Supplies,Bookcases,103.37,-86.61,49,6,Spring
ORD1170,2023-06-20,South,Furniture,Bookcases,516.54,133.26,89,6,Spring
ORD1171,2023-06-21,East,Technology,Copiers,930.76,-159.95,54,6,Spring
ORD1172,2023-06-22,Central,Furniture,Binders,150.12,20.92,44,6,Spring
ORD1173,2023-06-23,South,Furniture,Storage,776.22,-118.32,12,6,Spring
ORD1174,2023-06-24,South,Furniture,Phones,439.19,-107.77,14,6,Spring
ORD1175,2023-06-25,West,Furniture,Copiers,672.42,-98.85,99,6,Spring
ORD1176,2023-06-26,Central,Technology,Paper,297.22,-6.65,20,6,Spring
ORD1177,2023-06-27,Central,Technology,Storage,201.52,-174.42,80,6,Spring
ORD1178,2023-06-28,East,Office Supplies,Storage,202.44,-1.1,65,6,Spring
ORD1179,2023-06-29,Central,Technology,Binders,116.97,55.85,19,6,Spring
ORD1180,2023-06-30,East,Technology,Storage,226.36,41.65,115,6,Spring
ORD1181,2023-07-01,Central,Office Supplies,Tables,681.01,-8.61,43,7,Summer
ORD1182,2023-07-02,West,Technology,Phones,887.61,219.57,76,7,Summer
ORD1183,2023-07-03,Central,Furniture,Chairs,823.42,-127.34,81,7,Summer
ORD1184,2023-07-04,East,Furniture,Storage,700.88,52.85,40,7,Summer
ORD1185,2023-07-05,East,Office Supplies,Binders,154.91,-168.98,84,7,Summer
ORD1186,2023-07-06,West,Office Supplies,Binders,324.73,-164.42,118,7,Summer
ORD1187,2023-07-07,Central,Office Supplies,Chairs,344.32,86.93,80,7,Summer
ORD1188,2023-07-08,Central,Furniture,Chairs,287.46,83.01,118,7,Summer
ORD1189,2023-07-09,West,Technology,Binders,539.26,239.02,75,7,Summer
ORD1190,2023-07-10,Central,Furniture,Chairs,558.78,78.94,79,7,Summer
ORD1191,2023-07-11,Central,Office Supplies,Tables,389.04,279.9,50,7,Summer
ORD1192,2023-07-12,East,Technology,Storage,386.1,-175.65,72,7,Summer
ORD1193,2023-07-13,Central,Technology,Tables,837.13,-151.0,41,7,Summer
ORD1194,2023-07-14,Central,Furniture,Phones,799.83,-177.97,29,7,Summer
ORD1195,2023-07-15,West,Office Supplies,Phones,342.41,-107.36,66,7,Summer
ORD1196,2023-07-16,West,Furniture,Copiers,918.1,70.64,107,7,Summer
ORD1197,2023-07-17,South,Technology,Accessories,955.17,122.79,59,7,Summer
ORD1198,2023-07-18,East,Furniture,Storage,360.41,-177.21,89,7,Summer
ORD1199,2023-07-19,Central,Furniture,Paper,386.7,272.99,34,7,Summer
ORD1200,2023-07-20,Central,Office Supplies,Binders,530.35,221.08,21,7,Summer
ORD1201,2023-07-21,South,Office Supplies,Copiers,944.06,-51.69,80,7,Summer
ORD1202,2023-07-22,Central,Technology,Copiers,882.5,-161.41,48,7,Summer
ORD1203,2023-07-23,East,Furniture,Chairs,147.44,-115.06,26,7,Summer
ORD1204,2023-07-24,South,Furniture,Bookcases,423.09,-136.53,54,7,Summer
ORD1205,2023-07-25,East,Furniture,Accessories,575.7,-138.36,20,7,Summer
ORD1206,2023-07-26,South,Technology,Accessories,527.98,59.28,79,7,Summer
ORD1207,2023-07-27,South,Technology,Accessories,234.17,-77.08,32,7,Summer
ORD1208,2023-07-28,West,Office Supplies,Accessories,865.88,-20.93,100,7,Summer
ORD1209,2023-07-29,East,Office Supplies,Chairs,693.09,294.75,119,7,Summer
ORD1210,2023-07-30,Central,Office Supplies,Copiers,846.01,142.16,79,7,Summer
ORD1211,2023-07-31,Central,Furniture,Tables,865.83,274.49,47,7,Summer
ORD1212,2023-08-01,East,Furniture,Phones,760.94,-128.72,11,8,Summer
ORD1213,2023-08-02,Central,Office Supplies,Copiers,467.25,-8.93,95,8,Summer
ORD1214,2023-08-03,Central,Furniture,Copiers,630.02,77.37,93,8,Summer
ORD1215,2023-08-04,East,Office Supplies,Chairs,202.35,-161.62,98,8,Summer
ORD1216,2023-08-05,South,Technology,Chairs,689.96,-197.91,88,8,Summer
ORD1217,2023-08-06,East,Office Supplies,Paper,220.29,135.22,102,8,Summer
ORD1218,2023-08-07,South,Technology,Copiers,709.25,120.91,81,8,Summer
ORD1219,2023-08-08,Central,Furniture,Storage,268.12,5.39,46,8,Summer
ORD1220,2023-08-09,Central,Office Supplies,Binders,161.67,44.82,58,8,Summer
ORD1221,2023-08-10,Central,Furniture,Bookcases,207.02,7.72,61,8,Summer
ORD1222,2023-08-11,West,Technology,Tables,51.89,-188.0,42,8,Summer
ORD1223,2023-08-12,South,Technology,Storage,732.8,-32.31,31,8,Summer
ORD1224,2023-08-13,West,Technology,Phones,745.78,-111.46,14,8,Summer
ORD1225,2023-08-14,West,Furniture,Chairs,539.19,-150.79,112,8,Summer
ORD1226,2023-08-15,East,Furniture,Accessories,203.29,278.36,27,8,Summer
ORD1227,2023-08-16,West,Furniture,Accessories,129.38,99.68,47,8,Summer
ORD1228,2023-08-17,East,Furniture,Storage,68.17,164.33,46,8,Summer
ORD1229,2023-08-18,East,Technology,Storage,207.46,-42.32,103,8,Summer
ORD1230,2023-08-19,West,Technology,Binders,896.31,-3.43,104,8,Summer
ORD1231,2023-08-20,South,Office Supplies,Paper,279.46,-81.54,73,8,Summer
ORD1232,2023-08-21,South,Office Supplies,Tables,386.56,-151.52,19,8,Summer
ORD1233,2023-08-22,South,Furniture,Tables,150.08,-110.48,88,8,Summer
ORD1234,2023-08-23,South,Technology,Storage,261.24,198.76,51,8,Summer
ORD1235,2023-08-24,South,Technology,Tables,543.26,138.77,57,8,Summer
ORD1236,2023-08-25,West,Technology,Binders,627.37,73.46,53,8,Summer
ORD1237,2023-08-26,West,Office Supplies,Phones,283.08,37.54,91,8,Summer
ORD1238,2023-08-27,Central,Office Supplies,Copiers,104.85,261.22,96,8,Summer
ORD1239,2023-08-28,South,Technology,Copiers,421.48,-163.63,106,8,Summer
ORD1240,2023-08-29,West,Technology,Paper,272.49,-59.7,25,8,Summer
ORD1241,2023-08-30,Central,Technology,Copiers,258.58,-25.03,63,8,Summer
ORD1242,2023-08-31,South,Office Supplies,Chairs,961.87,191.21,111,8,Summer
ORD1243,2023-09-01,East,Technology,Accessories,635.49,296.26,44,9,Summer
ORD1244,2023-09-02,Central,Technology,Phones,579.03,-79.66,107,9,Summer
ORD1245,2023-09-03,West,Furniture,Accessories,444.99,237.15,37,9,Summer
ORD1246,2023-09-04,East,Furniture,Bookcases,457.5,215.31,11,9,Summer
ORD1247,2023-09-05,East,Office Supplies,Paper,563.86,-87.67,103,9,Summer
ORD1248,2023-09-06,East,Technology,Tables,711.61,-0.33,22,9,Summer
ORD1249,2023-09-07,Central,Technology,Binders,717.04,4.84,50,9,Summer
ORD1250,2023-09-08,West,Furniture,Binders,213.11,289.11,89,9,Summer
ORD1251,2023-09-09,East,Office Supplies,Accessories,525.11,-109.55,68,9,Summer
ORD1252,2023-09-10,South,Furniture,Storage,441.36,199.58,78,9,Summer
ORD1253,2023-09-11,East,Furniture,Bookcases,877.0,-32.9,101,9,Summer
ORD1254,2023-09-12,East,Furniture,Chairs,649.85,165.44,62,9,Summer
ORD1255,2023-09-13,Central,Furniture,Storage,555.88,10.01,112,9,Summer
ORD1256,2023-09-14,Central,Technology,Phones,159.62,89.18,54,9,Summer
ORD1257,2023-09-15,West,Technology,Copiers,625.36,216.31,29,9,Summer
ORD1258,2023-09-16,South,Furniture,Tables,161.34,202.08,33,9,Summer
ORD1259,2023-09-17,Central,Office Supplies,Phones,370.35,233.21,70,9,Summer
ORD1260,2023-09-18,East,Office Supplies,Binders,185.7,-170.19,100,9,Summer
ORD1261,2023-09-19,West,Office Supplies,Paper,707.47,146.03,103,9,Summer
ORD1262,2023-09-20,East,Office Supplies,Chairs,245.94,-130.01,67,9,Summer
ORD1263,2023-09-21,East,Furniture,Storage,422.27,7.91,118,9,Summer
ORD1264,2023-09-22,Central,Technology,Bookcases,900.89,74.29,36,9,Summer
ORD1265,2023-09-23,West,Office Supplies,Binders,244.1,1.37,35,9,Summer
ORD1266,2023-09-24,South,Furniture,Bookcases,532.41,59.81,16,9,Summer
ORD1267,2023-09-25,South,Office Supplies,Phones,448.31,298.26,51,9,Summer
ORD1268,2023-09-26,Central,Office Supplies,Paper,67.22,-132.39,56,9,Summer
ORD1269,2023-09-27,Central,Furniture,Binders,803.12,137.73,62,9,Summer
ORD1270,2023-09-28,West,Technology,Tables,115.59,-2.0,68,9,Summer
ORD1271,2023-09-29,South,Technology,Bookcases,500.54,-133.5,47,9,Summer
ORD1272,2023-09-30,South,Furniture,Paper,582.64,-120.63,78,9,Summer
ORD1273,2023-10-01,South,Technology,Bookcases,647.01,274.64,96,10,Fall
ORD1274,2023-10-02,East,Furniture,Binders,704.2,239.8,101,10,Fall
ORD1275,2023-10-03,South,Furniture,Copiers,290.61,253.52,107,10,Fall
ORD1276,2023-10-04,East,Furniture,Chairs,59.48,295.77,62,10,Fall
ORD1277,2023-10-05,West,Technology,Binders,737.27,-95.84,24,10,Fall
ORD1278,2023-10-06,East,Furniture,Accessories,558.87,-22.28,105,10,Fall
ORD1279,2023-10-07,West,Office Supplies,Accessories,844.31,134.61,35,10,Fall
ORD1280,2023-10-08,South,Technology,Paper,830.32,41.9,57,10,Fall
ORD1281,2023-10-09,South,Technology,Tables,851.16,9.19,104,10,Fall
ORD1282,2023-10-10,West,Technology,Storage,510.84,-21.09,28,10,Fall
ORD1283,2023-10-11,Central,Technology,Copiers,366.95,96.89,18,10,Fall
ORD1284,2023-10-12,West,Office Supplies,Storage,801.98,87.8,73,10,Fall
ORD1285,2023-10-13,Central,Technology,Chairs,478.73,-119.27,102,10,Fall
ORD1286,2023-10-14,East,Technology,Copiers,224.27,35.87,63,10,Fall
ORD1287,2023-10-15,East,Furniture,Storage,862.23,76.74,60,10,Fall
ORD1288,2023-10-16,East,Technology,Bookcases,888.43,85.14,48,10,Fall
ORD1289,2023-10-17,South,Office Supplies,Accessories,492.99,-94.95,13,10,Fall
ORD1290,2023-10-18,East,Office Supplies,Bookcases,121.91,171.14,12,10,Fall
ORD1291,2023-10-19,Central,Office Supplies,Phones,418.43,-187.4,73,10,Fall
ORD1292,2023-10-20,East,Office Supplies,Paper,813.36,-22.58,38,10,Fall
ORD1293,2023-10-21,West,Technology,Chairs,906.69,190.11,20,10,Fall
ORD1294,2023-10-22,West,Technology,Copiers,243.3,81.95,106,10,Fall
ORD1295,2023-10-23,South,Office Supplies,Tables,113.62,-69.42,111,10,Fall
ORD1296,2023-10-24,West,Office Supplies,Chairs,883.48,147.48,67,10,Fall
ORD1297,2023-10-25,Central,Technology,Storage,419.93,83.7,84,10,Fall
ORD1298,2023-10-26,East,Office Supplies,Chairs,564.67,198.12,36,10,Fall
ORD1299,2023-10-27,South,Furniture,Phones,969.66,167.51,106,10,Fall
ORD1300,2023-10-28,East,Office Supplies,Phones,113.24,105.05,30,10,Fall
ORD1301,2023-10-29,East,Office Supplies,Copiers,665.9,44.09,48,10,Fall
ORD1302,2023-10-30,Central,Furniture,Copiers,120.4,-133.41,104,10,Fall
ORD1303,2023-10-31,West,Furniture,Binders,406.7,-69.33,111,10,Fall
ORD1304,2023-11-01,West,Technology,Tables,813.62,9.55,55,11,Fall
ORD1305,2023-11-02,East,Technology,Paper,461.8,99.65,75,11,Fall
ORD1306,2023-11-03,South,Furniture,Bookcases,997.32,56.85,100,11,Fall
ORD1307,2023-11-04,West,Furniture,Bookcases,581.11,-55.91,45,11,Fall
ORD1308,2023-11-05,South,Technology,Bookcases,355.1,-196.77,84,11,Fall
ORD1309,2023-11-06,West,Office Supplies,Storage,259.11,48.12,91,11,Fall
ORD1310,2023-11-07,South,Furniture,Bookcases,382.99,-57.19,74,11,Fall
ORD1311,2023-11-08,Central,Technology,Paper,403.91,167.3,72,11,Fall
ORD1312,2023-11-09,South,Office Supplies,Copiers,115.28,-188.03,108,11,Fall
ORD1313,2023-11-10,Central,Furniture,Phones,401.1,92.41,44,11,Fall
ORD1314,2023-11-11,Central,Office Supplies,Chairs,491.03,270.74,40,11,Fall
ORD1315,2023-11-12,South,Technology,Paper,736.6,-112.8,37,11,Fall
ORD1316,2023-11-13,Central,Furniture,Phones,673.89,35.82,112,11,Fall
ORD1317,2023-11-14,East,Office Supplies,Paper,723.33,-154.29,10,11,Fall
ORD1318,2023-11-15,Central,Furniture,Paper,57.95,112.84,34,11,Fall
ORD1319,2023-11-16,West,Office Supplies,Chairs,256.78,75.27,52,11,Fall
ORD1320,2023-11-17,South,Technology,Copiers,678.6,3.68,111,11,Fall
ORD1321,2023-11-18,East,Technology,Chairs,509.79,60.69,93,11,Fall
ORD1322,2023-11-19,South,Furniture,Chairs,55.05,248.29,76,11,Fall
ORD1323,2023-11-20,West,Office Supplies,Accessories,814.27,-101.85,72,11,Fall
ORD1324,2023-11-21,West,Furniture,Phones,784.17,-188.72,60,11,Fall
ORD1325,2023-11-22,West,Furniture,Paper,571.0,230.83,11,11,Fall
ORD1326,2023-11-23,Central,Office Supplies,Copiers,113.14,88.56,91,11,Fall
ORD1327,2023-11-24,Central,Office Supplies,Storage,778.19,245.33,117,11,Fall
ORD1328,2023-11-25,South,Office Supplies,Storage,604.53,98.47,73,11,Fall
ORD1329,2023-11-26,South,Technology,Binders,792.86,205.08,83,11,Fall
ORD1330,2023-11-27,East,Furniture,Accessories,764.16,14.84,78,11,Fall
ORD1331,2023-11-28,East,Furniture,Bookcases,812.85,174.93,18,11,Fall
ORD1332,2023-11-29,South,Technology,Paper,542.11,256.52,11,11,Fall
ORD1333,2023-11-30,Central,Office Supplies,Tables,183.31,86.06,43,11,Fall
ORD1334,2023-12-01,West,Technology,Bookcases,687.6,-109.61,69,12,Fall
ORD1335,2023-12-02,South,Technology,Copiers,639.45,-65.6,111,12,Fall
ORD1336,2023-12-03,East,Technology,Tables,755.14,-100.68,70,12,Fall
ORD1337,2023-12-04,Central,Furniture,Bookcases,211.39,-76.57,40,12,Fall
ORD1338,2023-12-05,South,Technology,Accessories,235.23,-46.79,19,12,Fall
ORD1339,2023-12-06,South,Furniture,Paper,895.89,77.57,85,12,Fall
ORD1340,2023-12-07,Central,Furniture,Bookcases,762.48,94.0,45,12,Fall
ORD1341,2023-12-08,South,Furniture,Phones,912.82,13.25,94,12,Fall
ORD1342,2023-12-09,Central,Office Supplies,Bookcases,770.78,107.71,58,12,Fall
ORD1343,2023-12-10,West,Furniture,Chairs,617.3,-159.21,79,12,Fall
ORD1344,2023-12-11,Central,Furniture,Paper,671.43,-156.11,58,12,Fall
ORD1345,2023-12-12,Central,Office Supplies,Tables,894.67,-114.09,12,12,Fall
ORD1346,2023-12-13,Central,Furniture,Phones,599.87,59.04,83,12,Fall
ORD1347,2023-12-14,South,Technology,Tables,650.77,-93.0,14,12,Fall
ORD1348,2023-12-15,South,Technology,Binders,198.65,-58.36,119,12,Fall
ORD1349,2023-12-16,Central,Furniture,Binders,500.23,0.16,99,12,Fall
ORD1350,2023-12-17,South,Office Supplies,Accessories,730.58,205.93,70,12,Fall
ORD1351,2023-12-18,East,Technology,Binders,307.4,-193.07,94,12,Fall
ORD1352,2023-12-19,East,Office Supplies,Bookcases,242.14,124.69,118,12,Fall
ORD1353,2023-12-20,South,Office Supplies,Storage,348.14,134.44,99,12,Fall
ORD1354,2023-12-21,South,Technology,Accessories,279.43,199.33,111,12,Fall
ORD1355,2023-12-22,Central,Office Supplies,Paper,254.17,266.38,117,12,Fall
ORD1356,2023-12-23,West,Technology,Binders,453.61,-189.93,35,12,Fall
ORD1357,2023-12-24,South,Office Supplies,Binders,912.45,-123.11,81,12,Fall
ORD1358,2023-12-25,East,Technology,Phones,531.71,243.09,14,12,Fall
ORD1359,2023-12-26,Central,Furniture,Binders,228.52,29.26,24,12,Fall
ORD1360,2023-12-27,South,Technology,Storage,123.12,82.3,25,12,Fall
ORD1361,2023-12-28,East,Technology,Bookcases,711.35,131.51,10,12,Fall
ORD1362,2023-12-29,East,Technology,Accessories,413.66,139.53,25,12,Fall
ORD1363,2023-12-30,West,Technology,Binders,830.74,265.87,46,12,Fall
ORD1364,2023-12-31,Central,Office Supplies,Phones,676.54,298.47,12,12,Fall
ORD1365,2024-01-01,Central,Furniture,Paper,806.43,160.08,61,1,Winter
ORD1366,2024-01-02,West,Technology,Binders,308.35,-56.39,56,1,Winter
ORD1367,2024-01-03,West,Office Supplies,Binders,707.74,239.88,104,1,Winter
ORD1368,2024-01-04,Central,Furniture,Chairs,300.86,-175.39,22,1,Winter
ORD1369,2024-01-05,Central,Furniture,Chairs,942.12,-84.46,89,1,Winter
ORD1370,2024-01-06,South,Furniture,Chairs,654.56,248.69,64,1,Winter
ORD1371,2024-01-07,South,Furniture,Accessories,358.29,-71.9,116,1,Winter
ORD1372,2024-01-08,West,Technology,Phones,306.04,-89.67,30,1,Winter
ORD1373,2024-01-09,South,Technology,Tables,231.38,-130.94,75,1,Winter
ORD1374,2024-01-10,East,Office Supplies,Phones,709.91,229.56,63,1,Winter
ORD1375,2024-01-11,South,Office Supplies,Storage,257.78,50.03,36,1,Winter
ORD1376,2024-01-12,South,Office Supplies,Storage,615.54,137.45,47,1,Winter
ORD1377,2024-01-13,East,Furniture,Storage,301.4,-80.47,99,1,Winter
ORD1378,2024-01-14,West,Furniture,Bookcases,678.87,179.02,67,1,Winter
ORD1379,2024-01-15,East,Technology,Accessories,824.19,180.0,71,1,Winter
ORD1380,2024-01-16,South,Furniture,Tables,789.12,-43.7,111,1,Winter
ORD1381,2024-01-17,West,Furniture,Phones,772.81,5.34,55,1,Winter
ORD1382,2024-01-18,South,Furniture,Storage,228.34,-95.15,98,1,Winter
ORD1383,2024-01-19,East,Office Supplies,Tables,133.97,288.28,20,1,Winter
ORD1384,2024-01-20,East,Office Supplies,Phones,714.0,122.8,81,1,Winter
ORD1385,2024-01-21,South,Technology,Phones,399.93,267.27,17,1,Winter
ORD1386,2024-01-22,Central,Furniture,Paper,460.73,-48.31,106,1,Winter
ORD1387,2024-01-23,Central,Furniture,Bookcases,79.59,190.95,80,1,Winter
ORD1388,2024-01-24,East,Technology,Chairs,296.6,182.93,73,1,Winter
ORD1389,2024-01-25,East,Furniture,Bookcases,81.99,145.83,111,1,Winter
ORD1390,2024-01-26,Central,Furniture,Storage,885.23,282.82,30,1,Winter
ORD1391,2024-01-27,Central,Office Supplies,Bookcases,281.23,-3.22,81,1,Winter
ORD1392,2024-01-28,South,Technology,Binders,579.47,-134.64,72,1,Winter
ORD1393,2024-01-29,South,Technology,Storage,87.03,135.85,94,1,Winter
ORD1394,2024-01-30,Central,Technology,Binders,683.51,164.65,73,1,Winter
ORD1395,2024-01-31,South,Technology,Copiers,356.88,87.53,29,1,Winter
ORD1396,2024-02-01,South,Office Supplies,Chairs,903.02,-96.59,17,2,Winter
ORD1397,2024-02-02,West,Office Supplies,Bookcases,893.71,52.23,67,2,Winter
ORD1398,2024-02-03,South,Furniture,Paper,359.03,-43.91,55,2,Winter
ORD1399,2024-02-04,East,Furniture,Storage,905.91,13.73,40,2,Winter
ORD1400,2024-02-05,South,Furniture,Bookcases,996.35,122.61,102,2,Winter
ORD1401,2024-02-06,South,Furniture,Binders,834.14,172.61,18,2,Winter
ORD1402,2024-02-07,Central,Office Supplies,Chairs,852.63,-83.89,24,2,Winter
ORD1403,2024-02-08,East,Technology,Copiers,286.56,2.66,103,2,Winter
ORD1404,2024-02-09,South,Office Supplies,Paper,597.87,-65.42,35,2,Winter
ORD1405,2024-02-10,South,Furniture,Tables,113.89,-100.68,19,2,Winter
ORD1406,2024-02-11,West,Office Supplies,Binders,140.17,191.69,38,2,Winter
ORD1407,2024-02-12,South,Technology,Tables,998.95,254.63,89,2,Winter
ORD1408,2024-02-13,South,Technology,Bookcases,360.31,-14.88,45,2,Winter
ORD1409,2024-02-14,West,Office Supplies,Binders,760.77,175.64,93,2,Winter
ORD1410,2024-02-15,Central,Office Supplies,Copiers,816.33,248.5,118,2,Winter
ORD1411,2024-02-16,South,Office Supplies,Chairs,865.12,223.06,46,2,Winter
ORD1412,2024-02-17,West,Furniture,Chairs,997.75,-108.59,95,2,Winter
ORD1413,2024-02-18,East,Office Supplies,Chairs,279.42,278.15,80,2,Winter
ORD1414,2024-02-19,Central,Office Supplies,Phones,88.33,-11.66,32,2,Winter
ORD1415,2024-02-20,East,Office Supplies,Accessories,440.63,-30.38,50,2,Winter
ORD1416,2024-02-21,East,Technology,Storage,173.58,-168.78,113,2,Winter
ORD1417,2024-02-22,West,Technology,Copiers,71.3,43.09,102,2,Winter
ORD1418,2024-02-23,South,Furniture,Storage,392.41,-145.49,89,2,Winter
ORD1419,2024-02-24,West,Furniture,Binders,794.55,-75.73,111,2,Winter
ORD1420,2024-02-25,West,Technology,Accessories,587.87,-41.53,37,2,Winter
ORD1421,2024-02-26,West,Technology,Storage,347.14,204.41,57,2,Winter
ORD1422,2024-02-27,West,Technology,Accessories,671.62,237.74,47,2,Winter
ORD1423,2024-02-28,Central,Office Supplies,Binders,270.42,-48.77,40,2,Winter
ORD1424,2024-02-29,South,Office Supplies,Copiers,63.66,229.35,23,2,Winter
ORD1425,2024-03-01,East,Technology,Accessories,776.14,228.62,106,3,Winter
ORD1426,2024-03-02,East,Office Supplies,Binders,642.56,182.33,82,3,Winter
ORD1427,2024-03-03,South,Office Supplies,Tables,774.19,-126.65,100,3,Winter
ORD1428,2024-03-04,East,Furniture,Storage,86.99,145.16,97,3,Winter
ORD1429,2024-03-05,South,Technology,Copiers,845.26,272.51,86,3,Winter
ORD1430,2024-03-06,East,Technology,Chairs,638.55,141.27,99,3,Winter
ORD1431,2024-03-07,West,Office Supplies,Binders,585.23,-34.19,38,3,Winter
ORD1432,2024-03-08,East,Technology,Binders,643.38,50.29,60,3,Winter
ORD1433,2024-03-09,South,Furniture,Paper,871.21,122.86,58,3,Winter
ORD1434,2024-03-10,South,Furniture,Tables,607.59,55.29,52,3,Winter
ORD1435,2024-03-11,South,Furniture,Accessories,601.9,-140.02,101,3,Winter
ORD1436,2024-03-12,South,Technology,Binders,991.15,-43.97,101,3,Winter
ORD1437,2024-03-13,South,Technology,Storage,768.89,201.2,81,3,Winter
ORD1438,2024-03-14,Central,Technology,Storage,470.18,230.71,96,3,Winter
ORD1439,2024-03-15,Central,Technology,Paper,722.03,-131.35,102,3,Winter
ORD1440,2024-03-16,East,Technology,Paper,419.77,276.19,14,3,Winter
ORD1441,2024-03-17,South,Furniture,Copiers,267.43,-35.59,51,3,Winter
ORD1442,2024-03-18,East,Office Supplies,Copiers,617.01,131.16,16,3,Winter
ORD1443,2024-03-19,South,Furniture,Paper,931.77,175.91,51,3,Winter
ORD1444,2024-03-20,South,Technology,Tables,932.68,205.97,45,3,Winter
ORD1445,2024-03-21,Central,Furniture,Copiers,374.81,272.87,114,3,Winter
ORD1446,2024-03-22,Central,Technology,Chairs,551.29,-43.54,36,3,Winter
ORD1447,2024-03-23,West,Technology,Accessories,251.05,229.25,67,3,Winter
ORD1448,2024-03-24,Central,Furniture,Storage,995.85,-134.16,55,3,Winter
ORD1449,2024-03-25,West,Technology,Copiers,982.06,152.52,75,3,Winter
ORD1450,2024-03-26,West,Office Supplies,Storage,667.03,170.99,34,3,Winter
ORD1451,2024-03-27,West,Technology,Copiers,814.19,138.86,82,3,Winter
ORD1452,2024-03-28,West,Office Supplies,Binders,729.35,-73.84,36,3,Winter
ORD1453,2024-03-29,West,Office Supplies,Storage,613.5,236.52,10,3,Winter
ORD1454,2024-03-30,East,Technology,Paper,100.68,-115.57,96,3,Winter
ORD1455,2024-03-31,Central,Furniture,Binders,482.03,-173.18,83,3,Winter
ORD1456,2024-04-01,West,Office Supplies,Bookcases,691.05,158.73,51,4,Spring
ORD1457,2024-04-02,South,Furniture,Binders,693.66,37.74,61,4,Spring
ORD1458,2024-04-03,Central,Office Supplies,Tables,404.47,224.55,34,4,Spring
ORD1459,2024-04-04,Central,Technology,Bookcases,944.61,-8.3,63,4,Spring
ORD1460,2024-04-05,West,Technology,Paper,208.99,-115.86,76,4,Spring
ORD1461,2024-04-06,East,Office Supplies,Bookcases,525.34,218.22,15,4,Spring
ORD1462,2024-04-07,West,Technology,Copiers,706.34,74.45,67,4,Spring
ORD1463,2024-04-08,East,Office Supplies,Storage,712.28,-105.4,79,4,Spring
ORD1464,2024-04-09,South,Technology,Bookcases,666.21,160.19,62,4,Spring
ORD1465,2024-04-10,Central,Furniture,Storage,311.52,55.56,75,4,Spring
ORD1466,2024-04-11,South,Technology,Binders,198.4,102.16,67,4,Spring
ORD1467,2024-04-12,East,Furniture,Storage,654.14,30.45,91,4,Spring
ORD1468,2024-04-13,East,Technology,Bookcases,619.34,214.35,96,4,Spring
ORD1469,2024-04-14,South,Furniture,Phones,220.39,214.78,11,4,Spring
ORD1470,2024-04-15,East,Technology,Phones,719.88,154.69,85,4,Spring
ORD1471,2024-04-16,South,Furniture,Chairs,482.41,-147.3,31,4,Spring
ORD1472,2024-04-17,Central,Office Supplies,Binders,684.37,219.43,46,4,Spring
ORD1473,2024-04-18,South,Office Supplies,Chairs,845.5,135.51,29,4,Spring
ORD1474,2024-04-19,Central,Furniture,Chairs,211.24,148.51,112,4,Spring
ORD1475,2024-04-20,South,Technology,Bookcases,68.19,-18.51,33,4,Spring
ORD1476,2024-04-21,East,Furniture,Storage,790.15,239.64,93,4,Spring
ORD1477,2024-04-22,South,Technology,Tables,629.21,162.69,74,4,Spring
ORD1478,2024-04-23,East,Office Supplies,Storage,714.66,-143.7,74,4,Spring
ORD1479,2024-04-24,South,Technology,Bookcases,846.25,3.89,90,4,Spring
ORD1480,2024-04-25,South,Office Supplies,Phones,812.67,243.19,10,4,Spring
ORD1481,2024-04-26,West,Technology,Chairs,962.87,-176.4,118,4,Spring
ORD1482,2024-04-27,East,Technology,Bookcases,559.14,280.71,103,4,Spring
ORD1483,2024-04-28,West,Technology,Accessories,514.07,139.58,114,4,Spring
ORD1484,2024-04-29,East,Furniture,Binders,431.79,115.69,12,4,Spring
ORD1485,2024-04-30,West,Furniture,Storage,196.01,-64.72,55,4,Spring
ORD1486,2024-05-01,Central,Office Supplies,Bookcases,593.98,-75.6,64,5,Spring
ORD1487,2024-05-02,South,Office Supplies,Accessories,313.16,271.03,84,5,Spring
ORD1488,2024-05-03,East,Furniture,Paper,925.24,-50.86,97,5,Spring
ORD1489,2024-05-04,East,Office Supplies,Chairs,604.03,187.75,95,5,Spring
ORD1490,2024-05-05,South,Furniture,Accessories,613.2,-3.44,73,5,Spring
ORD1491,2024-05-06,East,Technology,Storage,387.18,-130.37,117,5,Spring
ORD1492,2024-05-07,East,Office Supplies,Storage,99.39,-194.64,54,5,Spring
ORD1493,2024-05-08,West,Office Supplies,Accessories,80.16,72.13,35,5,Spring
ORD1494,2024-05-09,East,Furniture,Accessories,452.17,287.89,86,5,Spring
ORD1495,2024-05-10,Central,Office Supplies,Accessories,130.34,-15.43,74,5,Spring
ORD1496,2024-05-11,Central,Office Supplies,Accessories,626.5,-21.4,33,5,Spring
ORD1497,2024-05-12,South,Technology,Chairs,886.92,-27.95,83,5,Spring
ORD1498,2024-05-13,East,Office Supplies,Accessories,888.77,60.27,44,5,Spring
ORD1499,2024-05-14,South,Technology,Binders,676.09,20.33,33,5,Spring
ORD1500,2024-05-15,Central,Furniture,Storage,250.67,239.96,37,5,Spring
ORD1501,2024-05-16,East,Office Supplies,Tables,869.85,52.76,109,5,Spring
ORD1502,2024-05-17,East,Technology,Binders,891.79,53.88,89,5,Spring
ORD1503,2024-05-18,South,Furniture,Paper,236.82,-130.81,113,5,Spring
ORD1504,2024-05-19,Central,Office Supplies,Copiers,750.55,291.37,25,5,Spring
ORD1505,2024-05-20,East,Furniture,Storage,322.19,-75.01,68,5,Spring
ORD1506,2024-05-21,South,Office Supplies,Bookcases,812.51,-163.32,90,5,Spring
ORD1507,2024-05-22,Central,Furniture,Accessories,997.38,131.57,63,5,Spring
ORD1508,2024-05-23,South,Furniture,Accessories,78.52,97.68,88,5,Spring
ORD1509,2024-05-24,West,Technology,Chairs,902.5,7.57,25,5,Spring
ORD1510,2024-05-25,East,Furniture,Copiers,641.5,11.1,24,5,Spring
ORD1511,2024-05-26,West,Office Supplies,Accessories,974.71,192.53,107,5,Spring
ORD1512,2024-05-27,Central,Office Supplies,Bookcases,491.76,-102.14,20,5,Spring
ORD1513,2024-05-28,West,Technology,Copiers,855.02,210.13,74,5,Spring
ORD1514,2024-05-29,West,Office Supplies,Chairs,109.27,124.37,88,5,Spring
ORD1515,2024-05-30,Central,Office Supplies,Chairs,368.52,9.48,99,5,Spring
ORD1516,2024-05-31,South,Office Supplies,Binders,113.67,29.01,77,5,Spring
ORD1517,2024-06-01,West,Furniture,Binders,976.58,-71.68,52,6,Spring
ORD1518,2024-06-02,South,Furniture,Copiers,826.13,176.06,78,6,Spring
ORD1519,2024-06-03,West,Office Supplies,Phones,859.92,56.44,108,6,Spring
ORD1520,2024-06-04,South,Technology,Chairs,941.07,-39.57,22,6,Spring
ORD1521,2024-06-05,Central,Furniture,Phones,130.85,98.03,19,6,Spring
ORD1522,2024-06-06,West,Technology,Chairs,416.32,297.87,84,6,Spring
ORD1523,2024-06-07,Central,Office Supplies,Bookcases,117.48,17.63,91,6,Spring
ORD1524,2024-06-08,West,Office Supplies,Phones,250.25,260.35,107,6,Spring
ORD1525,2024-06-09,Central,Furniture,Bookcases,267.9,-27.49,112,6,Spring
ORD1526,2024-06-10,Central,Office Supplies,Paper,495.65,-172.63,50,6,Spring
ORD1527,2024-06-11,West,Furniture,Copiers,305.13,-97.88,115,6,Spring
ORD1528,2024-06-12,West,Office Supplies,Storage,145.93,9.35,59,6,Spring
ORD1529,2024-06-13,West,Office Supplies,Phones,209.12,-90.18,96,6,Spring
ORD1530,2024-06-14,East,Furniture,Tables,189.91,-199.89,80,6,Spring
ORD1531,2024-06-15,South,Furniture,Accessories,974.42,257.5,68,6,Spring
ORD1532,2024-06-16,East,Furniture,Paper,771.33,221.94,48,6,Spring
ORD1533,2024-06-17,East,Office Supplies,Tables,969.37,171.15,12,6,Spring
ORD1534,2024-06-18,Central,Office Supplies,Copiers,467.75,-116.09,85,6,Spring
ORD1535,2024-06-19,West,Technology,Accessories,314.45,-139.82,16,6,Spring
ORD1536,2024-06-20,South,Furniture,Copiers,808.38,-166.2,58,6,Spring
ORD1537,2024-06-21,Central,Office Supplies,Storage,359.94,162.01,35,6,Spring
ORD1538,2024-06-22,East,Office Supplies,Storage,334.41,264.4,42,6,Spring
ORD1539,2024-06-23,West,Furniture,Accessories,270.88,15.27,110,6,Spring
ORD1540,2024-06-24,Central,Technology,Chairs,173.2,-140.43,57,6,Spring
ORD1541,2024-06-25,West,Furniture,Chairs,293.64,56.2,88,6,Spring
ORD1542,2024-06-26,Central,Technology,Paper,387.55,-25.58,11,6,Spring
ORD1543,2024-06-27,West,Office Supplies,Chairs,690.29,-12.59,114,6,Spring
ORD1544,2024-06-28,East,Technology,Binders,109.44,110.67,80,6,Spring
ORD1545,2024-06-29,South,Office Supplies,Copiers,249.98,159.36,41,6,Spring
ORD1546,2024-06-30,East,Furniture,Storage,818.57,-144.7,13,6,Spring
ORD1547,2024-07-01,South,Furniture,Paper,189.58,-182.2,29,7,Summer
ORD1548,2024-07-02,West,Furniture,Accessories,375.51,297.17,45,7,Summer
ORD1549,2024-07-03,Central,Technology,Chairs,871.43,-83.64,41,7,Summer
ORD1550,2024-07-04,East,Office Supplies,Storage,197.18,-173.08,37,7,Summer
ORD1551,2024-07-05,South,Furniture,Paper,128.6,-105.06,86,7,Summer
ORD1552,2024-07-06,East,Furniture,Accessories,510.31,-180.52,10,7,Summer
ORD1553,2024-07-07,South,Office Supplies,Tables,337.3,-4.09,69,7,Summer
ORD1554,2024-07-08,East,Furniture,Paper,585.24,201.2,65,7,Summer
ORD1555,2024-07-09,South,Office Supplies,Accessories,813.61,-29.38,44,7,Summer
ORD1556,2024-07-10,South,Office Supplies,Paper,180.29,22.09,39,7,Summer
ORD1557,2024-07-11,West,Office Supplies,Phones,601.66,137.79,63,7,Summer
ORD1558,2024-07-12,South,Office Supplies,Bookcases,530.23,54.45,45,7,Summer
ORD1559,2024-07-13,West,Office Supplies,Bookcases,186.87,230.72,64,7,Summer
ORD1560,2024-07-14,South,Technology,Tables,642.8,233.02,98,7,Summer
ORD1561,2024-07-15,Central,Furniture,Bookcases,309.96,-195.04,89,7,Summer
ORD1562,2024-07-16,Central,Technology,Storage,513.44,189.02,67,7,Summer
ORD1563,2024-07-17,Central,Furniture,Storage,128.16,30.37,92,7,Summer
ORD1564,2024-07-18,South,Technology,Tables,486.6,294.42,74,7,Summer
ORD1565,2024-07-19,West,Office Supplies,Tables,341.14,41.62,78,7,Summer
ORD1566,2024-07-20,West,Furniture,Bookcases,831.26,293.45,60,7,Summer
ORD1567,2024-07-21,South,Furniture,Storage,104.13,177.28,31,7,Summer
ORD1568,2024-07-22,Central,Technology,Tables,447.68,-75.7,97,7,Summer
ORD1569,2024-07-23,Central,Technology,Chairs,485.51,69.2,116,7,Summer
ORD1570,2024-07-24,West,Furniture,Bookcases,738.76,296.07,118,7,Summer
ORD1571,2024-07-25,Central,Technology,Phones,595.57,228.77,110,7,Summer
ORD1572,2024-07-26,East,Technology,Bookcases,683.85,-151.32,62,7,Summer
ORD1573,2024-07-27,West,Technology,Phones,788.2,153.19,109,7,Summer
ORD1574,2024-07-28,Central,Office Supplies,Phones,869.09,-27.21,45,7,Summer
ORD1575,2024-07-29,West,Office Supplies,Chairs,348.18,-196.51,77,7,Summer
ORD1576,2024-07-30,East,Technology,Accessories,561.12,1.74,45,7,Summer
ORD1577,2024-07-31,West,Technology,Chairs,848.1,-82.62,61,7,Summer
ORD1578,2024-08-01,West,Office Supplies,Binders,989.98,209.43,62,8,Summer
ORD1579,2024-08-02,West,Office Supplies,Binders,895.04,-31.33,91,8,Summer
ORD1580,2024-08-03,West,Furniture,Storage,402.89,213.76,59,8,Summer
ORD1581,2024-08-04,East,Furniture,Binders,235.41,-199.7,89,8,Summer
ORD1582,2024-08-05,South,Office Supplies,Copiers,514.92,-46.09,50,8,Summer
ORD1583,2024-08-06,West,Technology,Chairs,754.56,-79.42,27,8,Summer
ORD1584,2024-08-07,West,Technology,Chairs,517.94,-83.22,31,8,Summer
ORD1585,2024-08-08,Central,Technology,Tables,509.02,-165.91,75,8,Summer
ORD1586,2024-08-09,West,Technology,Storage,846.32,-106.44,30,8,Summer
ORD1587,2024-08-10,Central,Furniture,Binders,393.33,77.77,109,8,Summer
ORD1588,2024-08-11,South,Office Supplies,Bookcases,866.8,-54.32,53,8,Summer
ORD1589,2024-08-12,East,Technology,Storage,436.46,8.7,112,8,Summer
ORD1590,2024-08-13,East,Furniture,Tables,361.82,-11.57,56,8,Summer
ORD1591,2024-08-14,South,Technology,Tables,481.29,237.95,48,8,Summer
ORD1592,2024-08-15,East,Office Supplies,Tables,774.32,252.65,38,8,Summer
ORD1593,2024-08-16,South,Furniture,Tables,169.7,46.48,63,8,Summer
ORD1594,2024-08-17,South,Office Supplies,Tables,236.6,-34.92,99,8,Summer
ORD1595,2024-08-18,South,Office Supplies,Tables,953.87,-146.6,94,8,Summer
ORD1596,2024-08-19,East,Furniture,Tables,216.72,276.7,26,8,Summer
ORD1597,2024-08-20,Central,Furniture,Paper,589.34,-169.89,89,8,Summer
ORD1598,2024-08-21,South,Furniture,Chairs,600.35,-51.17,69,8,Summer
ORD1599,2024-08-22,West,Furniture,Bookcases,515.14,-50.97,40,8,Summer
ORD1600,2024-08-23,East,Furniture,Paper,662.51,-39.8,82,8,Summer
ORD1601,2024-08-24,South,Furniture,Paper,268.34,-117.86,104,8,Summer
ORD1602,2024-08-25,South,Furniture,Storage,575.03,191.58,87,8,Summer
ORD1603,2024-08-26,West,Technology,Chairs,403.56,-138.75,58,8,Summer
ORD1604,2024-08-27,Central,Office Supplies,Copiers,678.58,117.45,110,8,Summer
ORD1605,2024-08-28,Central,Furniture,Copiers,184.16,-138.08,11,8,Summer
ORD1606,2024-08-29,Central,Technology,Paper,592.33,-164.73,57,8,Summer
ORD1607,2024-08-30,South,Technology,Copiers,226.01,254.71,119,8,Summer
ORD1608,2024-08-31,South,Technology,Storage,314.71,-104.94,23,8,Summer
ORD1609,2024-09-01,South,Office Supplies,Tables,257.77,210.63,68,9,Summer
ORD1610,2024-09-02,East,Furniture,Accessories,223.7,72.32,106,9,Summer
ORD1611,2024-09-03,West,Technology,Tables,834.43,-161.07,108,9,Summer
ORD1612,2024-09-04,South,Office Supplies,Accessories,321.42,277.72,67,9,Summer
ORD1613,2024-09-05,West,Office Supplies,Bookcases,930.77,-76.52,112,9,Summer
ORD1614,2024-09-06,West,Office Supplies,Copiers,971.43,229.82,67,9,Summer
ORD1615,2024-09-07,Central,Technology,Chairs,592.7,-115.59,60,9,Summer
ORD1616,2024-09-08,East,Furniture,Chairs,185.85,226.97,93,9,Summer
ORD1617,2024-09-09,South,Technology,Copiers,405.82,-193.39,11,9,Summer
ORD1618,2024-09-10,Central,Technology,Chairs,807.85,55.89,50,9,Summer
ORD1619,2024-09-11,Central,Furniture,Bookcases,399.02,184.72,92,9,Summer
ORD1620,2024-09-12,South,Furniture,Chairs,132.67,267.4,110,9,Summer
ORD1621,2024-09-13,West,Furniture,Accessories,578.95,254.6,91,9,Summer
ORD1622,2024-09-14,Central,Office Supplies,Phones,852.86,209.81,25,9,Summer
ORD1623,2024-09-15,West,Furniture,Tables,806.13,244.1,13,9,Summer
ORD1624,2024-09-16,East,Technology,Tables,216.37,-100.39,21,9,Summer
ORD1625,2024-09-17,West,Furniture,Accessories,689.13,-57.91,38,9,Summer
ORD1626,2024-09-18,East,Technology,Accessories,259.48,-55.52,16,9,Summer
ORD1627,2024-09-19,West,Office Supplies,Chairs,257.3,-11.47,23,9,Summer
ORD1628,2024-09-20,Central,Technology,Bookcases,880.37,-3.34,21,9,Summer
ORD1629,2024-09-21,Central,Technology,Tables,287.19,72.28,108,9,Summer
ORD1630,2024-09-22,East,Furniture,Binders,300.08,-120.06,14,9,Summer
ORD1631,2024-09-23,South,Furniture,Accessories,50.62,145.62,90,9,Summer
ORD1632,2024-09-24,East,Technology,Binders,877.14,-116.22,115,9,Summer
ORD1633,2024-09-25,East,Furniture,Phones,802.97,-44.85,41,9,Summer
ORD1634,2024-09-26,West,Office Supplies,Phones,645.96,51.67,83,9,Summer
ORD1635,2024-09-27,West,Office Supplies,Copiers,762.75,198.22,52,9,Summer
ORD1636,2024-09-28,East,Furniture,Phones,194.45,169.73,90,9,Summer
ORD1637,2024-09-29,Central,Office Supplies,Phones,485.41,122.77,78,9,Summer
ORD1638,2024-09-30,West,Furniture,Copiers,383.66,-122.11,54,9,Summer
ORD1639,2024-10-01,South,Technology,Copiers,139.09,73.52,115,10,Fall
ORD1640,2024-10-02,West,Technology,Binders,511.82,-156.28,18,10,Fall
ORD1641,2024-10-03,West,Office Supplies,Bookcases,924.7,-11.32,58,10,Fall
ORD1642,2024-10-04,South,Furniture,Tables,88.06,6.76,42,10,Fall
ORD1643,2024-10-05,East,Furniture,Paper,326.89,-180.09,109,10,Fall
ORD1644,2024-10-06,South,Office Supplies,Storage,247.16,-63.01,109,10,Fall
ORD1645,2024-10-07,East,Technology,Storage,276.24,277.82,27,10,Fall
ORD1646,2024-10-08,East,Office Supplies,Binders,913.01,276.82,18,10,Fall
ORD1647,2024-10-09,East,Technology,Copiers,494.67,-23.84,71,10,Fall
ORD1648,2024-10-10,South,Furniture,Chairs,492.98,-178.45,66,10,Fall
ORD1649,2024-10-11,East,Technology,Accessories,772.55,-110.45,38,10,Fall
ORD1650,2024-10-12,Central,Office Supplies,Bookcases,196.77,-3.89,87,10,Fall
ORD1651,2024-10-13,South,Furniture,Chairs,512.9,273.89,34,10,Fall
ORD1652,2024-10-14,Central,Office Supplies,Binders,458.49,-129.4,24,10,Fall
ORD1653,2024-10-15,East,Office Supplies,Accessories,617.07,181.76,15,10,Fall
ORD1654,2024-10-16,West,Technology,Storage,999.58,-145.66,51,10,Fall
ORD1655,2024-10-17,East,Office Supplies,Accessories,780.98,290.63,38,10,Fall
ORD1656,2024-10-18,Central,Technology,Chairs,427.97,-9.19,88,10,Fall
ORD1657,2024-10-19,Central,Furniture,Binders,836.18,187.62,102,10,Fall
ORD1658,2024-10-20,South,Technology,Storage,212.17,-28.7,13,10,Fall
ORD1659,2024-10-21,West,Furniture,Chairs,78.94,113.83,91,10,Fall
ORD1660,2024-10-22,South,Technology,Bookcases,244.23,-103.99,66,10,Fall
ORD1661,2024-10-23,Central,Office Supplies,Tables,373.39,-126.99,58,10,Fall
ORD1662,2024-10-24,East,Technology,Storage,535.05,269.03,53,10,Fall
ORD1663,2024-10-25,West,Technology,Copiers,634.37,258.82,112,10,Fall
ORD1664,2024-10-26,East,Furniture,Binders,915.08,243.73,89,10,Fall
ORD1665,2024-10-27,East,Office Supplies,Phones,534.36,112.72,84,10,Fall
ORD1666,2024-10-28,West,Technology,Storage,526.21,204.13,23,10,Fall
ORD1667,2024-10-29,South,Office Supplies,Binders,97.73,-165.48,12,10,Fall
ORD1668,2024-10-30,East,Technology,Chairs,83.17,-32.61,71,10,Fall
ORD1669,2024-10-31,Central,Technology,Phones,573.6,-43.15,115,10,Fall
ORD1670,2024-11-01,East,Office Supplies,Storage,466.27,117.82,73,11,Fall
ORD1671,2024-11-02,West,Technology,Binders,847.22,-22.02,111,11,Fall
ORD1672,2024-11-03,West,Office Supplies,Bookcases,202.65,-125.75,54,11,Fall
ORD1673,2024-11-04,West,Technology,Chairs,73.72,98.23,115,11,Fall
ORD1674,2024-11-05,South,Furniture,Accessories,476.59,207.19,91,11,Fall
ORD1675,2024-11-06,East,Office Supplies,Binders,275.6,-8.94,67,11,Fall
ORD1676,2024-11-07,South,Technology,Phones,97.13,-133.87,29,11,Fall
ORD1677,2024-11-08,South,Technology,Storage,738.37,-101.66,67,11,Fall
ORD1678,2024-11-09,West,Furniture,Copiers,156.01,-81.26,98,11,Fall
ORD1679,2024-11-10,West,Office Supplies,Chairs,627.9,-50.05,66,11,Fall
ORD1680,2024-11-11,South,Technology,Paper,317.0,121.4,111,11,Fall
ORD1681,2024-11-12,East,Furniture,Phones,214.82,100.47,86,11,Fall
ORD1682,2024-11-13,Central,Technology,Chairs,410.76,148.04,77,11,Fall
ORD1683,2024-11-14,South,Office Supplies,Tables,811.37,-18.75,87,11,Fall
ORD1684,2024-11-15,East,Technology,Copiers,422.49,212.0,106,11,Fall
ORD1685,2024-11-16,West,Technology,Binders,763.23,-97.96,101,11,Fall
ORD1686,2024-11-17,West,Technology,Storage,169.21,34.52,61,11,Fall
ORD1687,2024-11-18,East,Technology,Bookcases,784.13,200.47,46,11,Fall
ORD1688,2024-11-19,Central,Furniture,Paper,275.09,-109.92,17,11,Fall
ORD1689,2024-11-20,West,Furniture,Paper,693.52,-145.07,53,11,Fall
ORD1690,2024-11-21,West,Office Supplies,Storage,587.49,241.84,107,11,Fall
ORD1691,2024-11-22,West,Furniture,Chairs,932.69,-28.54,117,11,Fall
ORD1692,2024-11-23,East,Furniture,Copiers,417.96,141.94,14,11,Fall
ORD1693,2024-11-24,South,Office Supplies,Binders,112.86,-187.33,78,11,Fall
ORD1694,2024-11-25,West,Furniture,Chairs,68.2,145.02,40,11,Fall
ORD1695,2024-11-26,South,Furniture,Tables,835.52,-41.95,54,11,Fall
ORD1696,2024-11-27,Central,Office Supplies,Phones,548.5,-172.13,18,11,Fall
ORD1697,2024-11-28,West,Office Supplies,Binders,786.48,104.91,115,11,Fall
ORD1698,2024-11-29,West,Office Supplies,Storage,272.7,-79.6,41,11,Fall
ORD1699,2024-11-30,Central,Technology,Accessories,377.83,-6.6,42,11,Fall
ORD1700,2024-12-01,West,Technology,Phones,78.6,-159.71,76,12,Fall
ORD1701,2024-12-02,South,Office Supplies,Chairs,963.42,-126.42,39,12,Fall
ORD1702,2024-12-03,East,Office Supplies,Tables,684.47,-51.01,85,12,Fall
ORD1703,2024-12-04,South,Office Supplies,Copiers,936.54,-155.12,38,12,Fall
ORD1704,2024-12-05,East,Technology,Paper,302.22,255.41,12,12,Fall
ORD1705,2024-12-06,East,Technology,Tables,630.89,-196.98,99,12,Fall
ORD1706,2024-12-07,South,Furniture,Chairs,694.57,41.93,66,12,Fall
ORD1707,2024-12-08,South,Furniture,Binders,351.67,-138.38,39,12,Fall
ORD1708,2024-12-09,South,Office Supplies,Bookcases,855.7,-46.16,18,12,Fall
ORD1709,2024-12-10,South,Technology,Binders,949.8,263.03,35,12,Fall
ORD1710,2024-12-11,Central,Technology,Binders,890.61,-119.15,11,12,Fall
ORD1711,2024-12-12,West,Technology,Paper,752.11,282.92,71,12,Fall
ORD1712,2024-12-13,East,Office Supplies,Phones,313.59,-97.1,12,12,Fall
ORD1713,2024-12-14,South,Furniture,Copiers,317.54,170.78,55,12,Fall
ORD1714,2024-12-15,South,Office Supplies,Accessories,965.19,73.34,77,12,Fall
ORD1715,2024-12-16,South,Furniture,Storage,59.77,242.24,34,12,Fall
ORD1716,2024-12-17,Central,Furniture,Paper,730.25,77.0,60,12,Fall
ORD1717,2024-12-18,South,Office Supplies,Phones,720.93,67.28,22,12,Fall
ORD1718,2024-12-19,South,Furniture,Tables,641.56,-102.27,112,12,Fall
ORD1719,2024-12-20,South,Furniture,Paper,990.6,-116.89,53,12,Fall
ORD1720,2024-12-21,West,Technology,Chairs,346.29,258.24,44,12,Fall
ORD1721,2024-12-22,Central,Furniture,Chairs,372.97,-36.08,64,12,Fall
ORD1722,2024-12-23,South,Office Supplies,Storage,124.99,-13.96,96,12,Fall
ORD1723,2024-12-24,East,Office Supplies,Storage,470.66,179.91,18,12,Fall
ORD1724,2024-12-25,East,Furniture,Chairs,298.0,-30.59,11,12,Fall
ORD1725,2024-12-26,East,Technology,Chairs,376.22,276.03,70,12,Fall
ORD1726,2024-12-27,Central,Technology,Phones,842.84,168.96,50,12,Fall
ORD1727,2024-12-28,Central,Furniture,Accessories,938.71,98.71,53,12,Fall
ORD1728,2024-12-29,East,Furniture,Paper,226.45,240.45,73,12,Fall
ORD1729,2024-12-30,South,Office Supplies,Accessories,403.88,-175.2,40,12,Fall
ORD1730,2024-12-31,Central,Furniture,Phones,932.2,-71.47,117,12,Fall
ORD1731,2025-01-01,East,Technology,Copiers,108.72,32.52,56,1,Winter
ORD1732,2025-01-02,East,Furniture,Phones,137.74,-86.51,11,1,Winter
ORD1733,2025-01-03,South,Office Supplies,Tables,204.65,171.95,105,1,Winter
ORD1734,2025-01-04,West,Office Supplies,Paper,615.45,259.6,91,1,Winter
ORD1735,2025-01-05,Central,Office Supplies,Phones,192.95,11.89,86,1,Winter
ORD1736,2025-01-06,South,Office Supplies,Chairs,969.67,-28.93,119,1,Winter
ORD1737,2025-01-07,East,Office Supplies,Tables,474.38,280.78,78,1,Winter
ORD1738,2025-01-08,East,Furniture,Tables,526.44,22.43,67,1,Winter
ORD1739,2025-01-09,South,Furniture,Accessories,284.33,44.52,115,1,Winter
ORD1740,2025-01-10,Central,Furniture,Phones,497.41,-24.18,53,1,Winter
ORD1741,2025-01-11,West,Furniture,Paper,678.82,254.77,83,1,Winter
ORD1742,2025-01-12,West,Office Supplies,Accessories,763.62,84.48,65,1,Winter
ORD1743,2025-01-13,East,Technology,Copiers,766.17,181.09,52,1,Winter
ORD1744,2025-01-14,Central,Furniture,Chairs,599.0,205.9,98,1,Winter
ORD1745,2025-01-15,West,Technology,Storage,909.14,-29.08,43,1,Winter
ORD1746,2025-01-16,Central,Furniture,Copiers,826.54,16.85,110,1,Winter
ORD1747,2025-01-17,Central,Furniture,Accessories,769.2,224.24,39,1,Winter
ORD1748,2025-01-18,East,Technology,Chairs,102.83,-18.37,80,1,Winter
ORD1749,2025-01-19,West,Office Supplies,Tables,56.53,196.97,79,1,Winter
ORD1750,2025-01-20,South,Furniture,Phones,251.82,270.5,64,1,Winter
ORD1751,2025-01-21,East,Furniture,Storage,680.35,111.61,76,1,Winter
ORD1752,2025-01-22,West,Furniture,Binders,440.64,170.81,22,1,Winter
ORD1753,2025-01-23,West,Technology,Tables,432.29,202.55,12,1,Winter
ORD1754,2025-01-24,West,Office Supplies,Tables,890.36,222.52,35,1,Winter
ORD1755,2025-01-25,West,Technology,Accessories,900.78,-2.47,66,1,Winter
ORD1756,2025-01-26,West,Technology,Chairs,913.72,-174.37,33,1,Winter
ORD1757,2025-01-27,Central,Office Supplies,Copiers,348.18,0.94,62,1,Winter
ORD1758,2025-01-28,East,Technology,Storage,706.5,136.88,79,1,Winter
ORD1759,2025-01-29,Central,Office Supplies,Binders,308.05,25.18,52,1,Winter
ORD1760,2025-01-30,South,Furniture,Accessories,231.08,174.48,69,1,Winter
ORD1761,2025-01-31,West,Office Supplies,Bookcases,225.4,-21.51,67,1,Winter
ORD1762,2025-02-01,East,Furniture,Paper,375.0,117.37,58,2,Winter
ORD1763,2025-02-02,West,Technology,Chairs,458.46,-106.79,51,2,Winter
ORD1764,2025-02-03,East,Technology,Paper,839.4,174.68,85,2,Winter
ORD1765,2025-02-04,Central,Furniture,Copiers,163.9,72.85,109,2,Winter
ORD1766,2025-02-05,East,Technology,Copiers,748.18,-97.97,75,2,Winter
ORD1767,2025-02-06,South,Office Supplies,Accessories,554.88,-54.04,20,2,Winter
ORD1768,2025-02-07,South,Furniture,Binders,323.55,174.3,112,2,Winter
ORD1769,2025-02-08,East,Technology,Tables,518.18,41.3,107,2,Winter
ORD1770,2025-02-09,East,Furniture,Chairs,334.94,-91.98,99,2,Winter
ORD1771,2025-02-10,East,Office Supplies,Tables,616.28,283.64,27,2,Winter
ORD1772,2025-02-11,East,Office Supplies,Storage,462.15,157.56,94,2,Winter
ORD1773,2025-02-12,South,Technology,Binders,206.19,278.57,109,2,Winter
ORD1774,2025-02-13,West,Office Supplies,Binders,160.75,13.55,113,2,Winter
ORD1775,2025-02-14,East,Furniture,Binders,569.36,37.55,61,2,Winter
ORD1776,2025-02-15,East,Office Supplies,Storage,907.29,248.98,55,2,Winter
ORD1777,2025-02-16,South,Furniture,Tables,376.76,62.52,53,2,Winter
ORD1778,2025-02-17,South,Furniture,Storage,746.35,153.64,31,2,Winter
ORD1779,2025-02-18,Central,Office Supplies,Binders,675.73,-73.91,62,2,Winter
ORD1780,2025-02-19,East,Technology,Tables,934.98,23.36,68,2,Winter
ORD1781,2025-02-20,Central,Office Supplies,Storage,829.93,-138.28,103,2,Winter
ORD1782,2025-02-21,South,Furniture,Chairs,588.27,-97.01,116,2,Winter
ORD1783,2025-02-22,South,Furniture,Chairs,674.18,-199.53,39,2,Winter
ORD1784,2025-02-23,West,Office Supplies,Copiers,903.47,-180.37,17,2,Winter
ORD1785,2025-02-24,East,Technology,Copiers,429.54,288.64,107,2,Winter
ORD1786,2025-02-25,Central,Technology,Copiers,360.45,-78.82,66,2,Winter
ORD1787,2025-02-26,South,Furniture,Phones,60.27,131.66,82,2,Winter
ORD1788,2025-02-27,South,Furniture,Storage,835.22,219.55,29,2,Winter
ORD1789,2025-02-28,Central,Technology,Phones,810.93,75.33,113,2,Winter
ORD1790,2025-03-01,West,Office Supplies,Bookcases,149.23,-123.43,34,3,Winter
ORD1791,2025-03-02,South,Furniture,Binders,598.01,164.06,28,3,Winter
ORD1792,2025-03-03,East,Furniture,Phones,490.78,100.13,14,3,Winter
ORD1793,2025-03-04,South,Technology,Tables,162.77,165.63,84,3,Winter
ORD1794,2025-03-05,East,Office Supplies,Storage,981.54,184.87,88,3,Winter
ORD1795,2025-03-06,Central,Technology,Storage,253.96,287.71,81,3,Winter
ORD1796,2025-03-07,East,Office Supplies,Phones,113.87,86.78,92,3,Winter
ORD1797,2025-03-08,Central,Office Supplies,Binders,615.11,-29.18,96,3,Winter
ORD1798,2025-03-09,East,Office Supplies,Chairs,751.92,124.23,36,3,Winter
ORD1799,2025-03-10,Central,Furniture,Paper,80.82,-165.78,49,3,Winter
ORD1800,2025-03-11,East,Technology,Tables,675.78,248.7,105,3,Winter
ORD1801,2025-03-12,West,Technology,Binders,555.68,-140.31,35,3,Winter
ORD1802,2025-03-13,East,Office Supplies,Copiers,148.1,-36.08,36,3,Winter
ORD1803,2025-03-14,East,Furniture,Bookcases,213.9,207.87,71,3,Winter
ORD1804,2025-03-15,West,Furniture,Paper,589.58,98.66,92,3,Winter
ORD1805,2025-03-16,South,Technology,Paper,331.54,-3.18,59,3,Winter
ORD1806,2025-03-17,South,Furniture,Binders,941.4,36.72,51,3,Winter
ORD1807,2025-03-18,East,Furniture,Bookcases,827.8,227.27,38,3,Winter
ORD1808,2025-03-19,West,Office Supplies,Chairs,984.39,-30.0,48,3,Winter
ORD1809,2025-03-20,East,Furniture,Tables,296.69,234.82,69,3,Winter
ORD1810,2025-03-21,Central,Office Supplies,Copiers,971.24,-155.93,50,3,Winter
ORD1811,2025-03-22,Central,Technology,Copiers,459.67,188.4,42,3,Winter
ORD1812,2025-03-23,East,Furniture,Tables,380.14,223.77,92,3,Winter
ORD1813,2025-03-24,South,Technology,Binders,97.83,-109.09,110,3,Winter
ORD1814,2025-03-25,South,Technology,Phones,100.13,15.17,92,3,Winter
ORD1815,2025-03-26,East,Furniture,Bookcases,707.41,-117.25,106,3,Winter
ORD1816,2025-03-27,East,Furniture,Paper,485.03,153.3,25,3,Winter
ORD1817,2025-03-28,Central,Technology,Copiers,265.2,67.67,32,3,Winter
ORD1818,2025-03-29,South,Furniture,Paper,633.27,117.66,16,3,Winter
ORD1819,2025-03-30,East,Office Supplies,Binders,290.22,-101.76,35,3,Winter
ORD1820,2025-03-31,Central,Office Supplies,Paper,598.75,-94.13,105,3,Winter
ORD1821,2025-04-01,South,Furniture,Binders,391.25,-179.25,21,4,Spring
ORD1822,2025-04-02,West,Technology,Accessories,832.37,-38.97,81,4,Spring
ORD1823,2025-04-03,Central,Furniture,Copiers,829.66,79.87,14,4,Spring
ORD1824,2025-04-04,South,Furniture,Phones,503.48,228.97,115,4,Spring
ORD1825,2025-04-05,South,Technology,Bookcases,383.28,133.46,101,4,Spring
ORD1826,2025-04-06,Central,Technology,Copiers,394.43,17.7,78,4,Spring
ORD1827,2025-04-07,West,Office Supplies,Binders,815.43,276.56,58,4,Spring
ORD1828,2025-04-08,Central,Technology,Phones,361.77,159.62,35,4,Spring
ORD1829,2025-04-09,South,Office Supplies,Storage,248.61,265.08,14,4,Spring
ORD1830,2025-04-10,East,Technology,Bookcases,130.45,63.79,31,4,Spring
ORD1831,2025-04-11,East,Furniture,Storage,493.36,-70.55,88,4,Spring
ORD1832,2025-04-12,Central,Office Supplies,Storage,508.03,-173.59,22,4,Spring
ORD1833,2025-04-13,South,Office Supplies,Binders,848.86,163.04,37,4,Spring
ORD1834,2025-04-14,East,Office Supplies,Chairs,260.18,-139.35,42,4,Spring
ORD1835,2025-04-15,South,Furniture,Copiers,411.94,-48.61,116,4,Spring
ORD1836,2025-04-16,Central,Furniture,Accessories,817.99,66.24,32,4,Spring
ORD1837,2025-04-17,East,Furniture,Tables,832.44,82.21,106,4,Spring
ORD1838,2025-04-18,South,Furniture,Binders,415.38,100.29,116,4,Spring
ORD1839,2025-04-19,East,Furniture,Copiers,486.17,-116.87,27,4,Spring
ORD1840,2025-04-20,Central,Office Supplies,Bookcases,338.12,-10.13,39,4,Spring
ORD1841,2025-04-21,South,Furniture,Phones,935.93,108.6,35,4,Spring
ORD1842,2025-04-22,East,Office Supplies,Tables,162.71,284.91,25,4,Spring
ORD1843,2025-04-23,Central,Furniture,Paper,937.06,163.82,86,4,Spring
ORD1844,2025-04-24,East,Technology,Accessories,699.67,261.3,48,4,Spring
ORD1845,2025-04-25,East,Office Supplies,Chairs,554.99,181.11,42,4,Spring
ORD1846,2025-04-26,West,Technology,Accessories,81.03,95.86,35,4,Spring
ORD1847,2025-04-27,West,Office Supplies,Phones,501.82,-103.99,57,4,Spring
ORD1848,2025-04-28,Central,Technology,Phones,437.36,133.34,74,4,Spring
ORD1849,2025-04-29,West,Furniture,Copiers,203.16,111.69,47,4,Spring
ORD1850,2025-04-30,Central,Furniture,Tables,673.59,101.23,11,4,Spring
ORD1851,2025-05-01,West,Furniture,Binders,972.59,44.89,15,5,Spring
ORD1852,2025-05-02,East,Office Supplies,Tables,584.08,64.33,55,5,Spring
ORD1853,2025-05-03,Central,Technology,Tables,729.02,-32.78,59,5,Spring
ORD1854,2025-05-04,Central,Furniture,Bookcases,115.03,59.66,47,5,Spring
ORD1855,2025-05-05,East,Technology,Paper,446.78,-101.22,115,5,Spring
ORD1856,2025-05-06,Central,Technology,Copiers,160.54,202.59,97,5,Spring
ORD1857,2025-05-07,Central,Furniture,Phones,632.16,-107.11,27,5,Spring
ORD1858,2025-05-08,West,Furniture,Accessories,941.56,-157.52,36,5,Spring
ORD1859,2025-05-09,Central,Technology,Binders,678.69,18.12,50,5,Spring
ORD1860,2025-05-10,South,Furniture,Accessories,122.96,129.15,81,5,Spring
ORD1861,2025-05-11,East,Furniture,Binders,386.93,18.86,101,5,Spring
ORD1862,2025-05-12,West,Furniture,Accessories,573.13,-61.62,83,5,Spring
ORD1863,2025-05-13,West,Office Supplies,Accessories,433.05,79.09,26,5,Spring
ORD1864,2025-05-14,South,Technology,Tables,841.96,-26.5,71,5,Spring
ORD1865,2025-05-15,East,Technology,Paper,823.94,266.43,38,5,Spring
ORD1866,2025-05-16,East,Office Supplies,Tables,631.24,261.32,67,5,Spring
ORD1867,2025-05-17,West,Technology,Tables,404.79,51.19,79,5,Spring
ORD1868,2025-05-18,Central,Furniture,Tables,292.57,-36.06,87,5,Spring
ORD1869,2025-05-19,West,Technology,Paper,150.58,168.57,31,5,Spring
ORD1870,2025-05-20,East,Furniture,Paper,387.15,-181.64,15,5,Spring
ORD1871,2025-05-21,South,Office Supplies,Phones,442.51,37.38,35,5,Spring
ORD1872,2025-05-22,West,Furniture,Bookcases,692.03,-31.84,48,5,Spring
ORD1873,2025-05-23,East,Technology,Accessories,675.25,260.27,21,5,Spring
ORD1874,2025-05-24,West,Technology,Bookcases,116.6,-194.0,108,5,Spring
ORD1875,2025-05-25,Central,Technology,Paper,425.5,76.41,23,5,Spring
ORD1876,2025-05-26,West,Office Supplies,Paper,222.69,170.33,31,5,Spring
ORD1877,2025-05-27,West,Office Supplies,Binders,198.97,42.51,60,5,Spring
ORD1878,2025-05-28,East,Technology,Chairs,835.94,-157.3,32,5,Spring
ORD1879,2025-05-29,East,Furniture,Storage,89.82,286.23,57,5,Spring
ORD1880,2025-05-30,East,Office Supplies,Chairs,448.22,59.01,80,5,Spring
ORD1881,2025-05-31,West,Technology,Phones,209.79,107.09,113,5,Spring
ORD1882,2025-06-01,Central,Technology,Bookcases,885.36,-81.7,59,6,Spring
ORD1883,2025-06-02,South,Office Supplies,Phones,579.19,41.75,98,6,Spring
ORD1884,2025-06-03,South,Office Supplies,Tables,269.81,14.57,22,6,Spring
ORD1885,2025-06-04,East,Office Supplies,Copiers,527.31,-162.55,94,6,Spring
ORD1886,2025-06-05,East,Furniture,Storage,744.91,-146.92,114,6,Spring
ORD1887,2025-06-06,West,Furniture,Accessories,960.21,218.74,19,6,Spring
ORD1888,2025-06-07,South,Technology,Binders,259.42,-80.09,64,6,Spring
ORD1889,2025-06-08,East,Office Supplies,Storage,891.87,-102.52,18,6,Spring
ORD1890,2025-06-09,Central,Furniture,Copiers,937.59,52.46,88,6,Spring
ORD1891,2025-06-10,Central,Office Supplies,Tables,920.6,184.37,61,6,Spring
ORD1892,2025-06-11,East,Technology,Tables,653.64,-169.03,11,6,Spring
ORD1893,2025-06-12,East,Furniture,Chairs,648.33,88.4,34,6,Spring
ORD1894,2025-06-13,South,Furniture,Bookcases,433.05,-140.39,22,6,Spring
ORD1895,2025-06-14,South,Furniture,Chairs,764.78,-181.77,107,6,Spring
ORD1896,2025-06-15,West,Technology,Binders,554.73,-173.63,60,6,Spring
ORD1897,2025-06-16,South,Office Supplies,Tables,693.57,217.08,67,6,Spring
ORD1898,2025-06-17,Central,Furniture,Storage,457.04,-141.01,43,6,Spring
ORD1899,2025-06-18,Central,Technology,Storage,744.92,-177.42,44,6,Spring
ORD1900,2025-06-19,East,Office Supplies,Storage,833.25,18.95,111,6,Spring
ORD1901,2025-06-20,South,Technology,Accessories,189.11,222.0,12,6,Spring
ORD1902,2025-06-21,West,Office Supplies,Accessories,841.28,-68.8,115,6,Spring
ORD1903,2025-06-22,Central,Technology,Paper,563.28,10.86,68,6,Spring
ORD1904,2025-06-23,Central,Office Supplies,Accessories,852.43,-180.04,79,6,Spring
ORD1905,2025-06-24,West,Furniture,Tables,459.74,24.54,57,6,Spring
ORD1906,2025-06-25,West,Office Supplies,Bookcases,410.09,88.81,73,6,Spring
ORD1907,2025-06-26,Central,Technology,Binders,919.31,85.45,28,6,Spring
ORD1908,2025-06-27,Central,Technology,Bookcases,288.61,-33.79,76,6,Spring
ORD1909,2025-06-28,West,Office Supplies,Binders,852.0,-42.23,91,6,Spring
ORD1910,2025-06-29,Central,Furniture,Paper,509.82,-146.69,112,6,Spring
ORD1911,2025-06-30,East,Furniture,Chairs,538.39,-16.6,82,6,Spring
ORD1912,2025-07-01,East,Office Supplies,Copiers,343.04,-150.25,85,7,Summer
ORD1913,2025-07-02,West,Office Supplies,Bookcases,594.39,183.3,14,7,Summer
ORD1914,2025-07-03,South,Technology,Chairs,358.95,283.14,76,7,Summer
ORD1915,2025-07-04,West,Furniture,Paper,87.31,285.04,20,7,Summer
ORD1916,2025-07-05,West,Office Supplies,Paper,308.4,232.54,103,7,Summer
ORD1917,2025-07-06,South,Furniture,Storage,56.06,100.4,77,7,Summer
ORD1918,2025-07-07,South,Office Supplies,Binders,979.44,150.43,78,7,Summer
ORD1919,2025-07-08,South,Office Supplies,Accessories,967.46,-57.4,10,7,Summer
ORD1920,2025-07-09,East,Furniture,Accessories,425.4,115.39,100,7,Summer
ORD1921,2025-07-10,Central,Office Supplies,Copiers,741.95,27.82,101,7,Summer
ORD1922,2025-07-11,East,Office Supplies,Paper,378.52,41.01,72,7,Summer
ORD1923,2025-07-12,Central,Technology,Binders,687.54,178.89,38,7,Summer
ORD1924,2025-07-13,East,Office Supplies,Storage,815.16,-59.04,91,7,Summer
ORD1925,2025-07-14,Central,Office Supplies,Copiers,949.42,-40.98,21,7,Summer
ORD1926,2025-07-15,East,Office Supplies,Binders,430.2,262.32,86,7,Summer
ORD1927,2025-07-16,South,Technology,Bookcases,794.13,-171.89,50,7,Summer
ORD1928,2025-07-17,West,Furniture,Tables,302.63,42.82,11,7,Summer
ORD1929,2025-07-18,East,Technology,Paper,990.82,256.4,46,7,Summer
ORD1930,2025-07-19,Central,Technology,Chairs,74.48,105.18,54,7,Summer
ORD1931,2025-07-20,South,Furniture,Tables,623.35,73.2,89,7,Summer
ORD1932,2025-07-21,East,Technology,Phones,676.53,-75.13,57,7,Summer
ORD1933,2025-07-22,East,Furniture,Binders,703.64,-28.36,33,7,Summer
ORD1934,2025-07-23,South,Technology,Paper,164.37,226.02,108,7,Summer
ORD1935,2025-07-24,East,Furniture,Phones,941.6,79.61,31,7,Summer
ORD1936,2025-07-25,West,Office Supplies,Tables,222.12,57.37,109,7,Summer
ORD1937,2025-07-26,East,Technology,Bookcases,641.62,-150.21,20,7,Summer
ORD1938,2025-07-27,West,Technology,Storage,261.54,-191.99,67,7,Summer
ORD1939,2025-07-28,West,Technology,Chairs,341.86,281.84,55,7,Summer
ORD1940,2025-07-29,South,Technology,Accessories,569.14,-11.51,38,7,Summer
ORD1941,2025-07-30,East,Office Supplies,Accessories,446.33,101.61,44,7,Summer
ORD1942,2025-07-31,South,Technology,Storage,202.21,-160.14,24,7,Summer
ORD1943,2025-08-01,East,Office Supplies,Copiers,212.39,141.56,69,8,Summer
ORD1944,2025-08-02,East,Office Supplies,Accessories,447.24,266.28,104,8,Summer
ORD1945,2025-08-03,Central,Office Supplies,Binders,769.42,87.83,51,8,Summer
ORD1946,2025-08-04,East,Office Supplies,Copiers,903.07,-136.94,114,8,Summer
ORD1947,2025-08-05,South,Furniture,Phones,129.92,90.86,52,8,Summer
ORD1948,2025-08-06,West,Furniture,Phones,423.45,183.17,89,8,Summer
ORD1949,2025-08-07,East,Technology,Bookcases,145.23,3.21,83,8,Summer
ORD1950,2025-08-08,Central,Furniture,Binders,65.76,239.92,58,8,Summer
ORD1951,2025-08-09,South,Furniture,Binders,678.63,124.34,73,8,Summer
ORD1952,2025-08-10,East,Technology,Paper,622.33,249.62,41,8,Summer
ORD1953,2025-08-11,South,Technology,Chairs,204.87,111.75,73,8,Summer
ORD1954,2025-08-12,Central,Technology,Tables,272.12,-134.36,11,8,Summer
ORD1955,2025-08-13,Central,Furniture,Storage,72.52,-45.15,33,8,Summer
ORD1956,2025-08-14,South,Furniture,Bookcases,843.2,-99.1,96,8,Summer
ORD1957,2025-08-15,East,Technology,Paper,975.96,254.41,75,8,Summer
ORD1958,2025-08-16,West,Office Supplies,Bookcases,178.69,180.2,47,8,Summer
ORD1959,2025-08-17,Central,Technology,Phones,269.9,138.2,40,8,Summer
ORD1960,2025-08-18,East,Office Supplies,Phones,874.99,-49.52,113,8,Summer
ORD1961,2025-08-19,East,Office Supplies,Binders,930.14,-107.98,35,8,Summer
ORD1962,2025-08-20,West,Technology,Bookcases,448.65,178.23,38,8,Summer
ORD1963,2025-08-21,Central,Technology,Chairs,98.09,37.08,76,8,Summer
ORD1964,2025-08-22,Central,Technology,Copiers,87.42,-87.11,87,8,Summer
ORD1965,2025-08-23,East,Furniture,Phones,595.25,108.31,34,8,Summer
ORD1966,2025-08-24,East,Office Supplies,Tables,423.25,-179.83,57,8,Summer
ORD1967,2025-08-25,West,Furniture,Bookcases,77.22,-36.91,74,8,Summer
ORD1968,2025-08-26,West,Furniture,Bookcases,604.09,34.28,62,8,Summer
ORD1969,2025-08-27,Central,Technology,Chairs,60.74,-126.02,76,8,Summer
ORD1970,2025-08-28,South,Furniture,Bookcases,798.0,292.33,99,8,Summer
ORD1971,2025-08-29,Central,Technology,Bookcases,341.11,-95.45,27,8,Summer
ORD1972,2025-08-30,East,Office Supplies,Paper,88.25,-134.82,18,8,Summer
ORD1973,2025-08-31,Central,Technology,Tables,608.93,-98.23,47,8,Summer
ORD1974,2025-09-01,South,Furniture,Phones,427.8,184.53,96,9,Summer
ORD1975,2025-09-02,West,Furniture,Paper,975.11,12.75,30,9,Summer
ORD1976,2025-09-03,South,Technology,Chairs,566.99,82.71,74,9,Summer
ORD1977,2025-09-04,South,Technology,Phones,311.48,-189.5,30,9,Summer
ORD1978,2025-09-05,South,Furniture,Binders,723.97,-182.78,36,9,Summer
ORD1979,2025-09-06,West,Office Supplies,Copiers,307.92,22.91,115,9,Summer
ORD1980,2025-09-07,South,Office Supplies,Tables,909.03,208.33,79,9,Summer
ORD1981,2025-09-08,South,Technology,Chairs,405.99,242.62,53,9,Summer
ORD1982,2025-09-09,South,Office Supplies,Tables,572.38,-156.65,109,9,Summer
ORD1983,2025-09-10,East,Furniture,Chairs,98.04,69.18,37,9,Summer
ORD1984,2025-09-11,South,Technology,Paper,454.82,256.61,54,9,Summer
ORD1985,2025-09-12,West,Furniture,Paper,840.75,-6.01,26,9,Summer
ORD1986,2025-09-13,South,Furniture,Phones,815.37,214.78,49,9,Summer
ORD1987,2025-09-14,South,Office Supplies,Bookcases,263.1,-133.15,12,9,Summer
ORD1988,2025-09-15,West,Technology,Accessories,264.78,267.7,85,9,Summer
ORD1989,2025-09-16,South,Technology,Storage,826.44,175.71,112,9,Summer
ORD1990,2025-09-17,West,Office Supplies,Bookcases,933.88,270.67,85,9,Summer
ORD1991,2025-09-18,South,Furniture,Chairs,140.59,138.31,75,9,Summer
ORD1992,2025-09-19,West,Furniture,Binders,477.56,-18.3,55,9,Summer
ORD1993,2025-09-20,South,Furniture,Binders,370.58,269.09,95,9,Summer
ORD1994,2025-09-21,South,Furniture,Paper,877.15,-62.22,96,9,Summer
ORD1995,2025-09-22,East,Technology,Binders,129.35,-33.91,39,9,Summer
ORD1996,2025-09-23,East,Technology,Binders,250.57,150.4,78,9,Summer
ORD1997,2025-09-24,South,Office Supplies,Tables,764.84,182.66,18,9,Summer
ORD1998,2025-09-25,South,Office Supplies,Paper,98.73,264.7,94,9,Summer
ORD1999,2025-09-26,Central,Technology,Chairs,517.91,-97.6,20,9,Summer
ORD2000,2025-09-27,West,Technology,Chairs,470.0,199.0,78,9,Summer
ORD2001,2025-09-28,Central,Furniture,Binders,367.68,169.27,108,9,Summer
ORD2002,2025-09-29,East,Furniture,Binders,424.84,-168.1,100,9,Summer
ORD2003,2025-09-30,East,Office Supplies,Bookcases,553.44,-6.39,75,9,Summer
ORD2004,2025-10-01,East,Technology,Storage,203.3,-58.62,97,10,Fall
ORD2005,2025-10-02,East,Office Supplies,Binders,593.4,-47.75,40,10,Fall
ORD2006,2025-10-03,South,Technology,Storage,815.16,291.47,42,10,Fall
ORD2007,2025-10-04,East,Furniture,Accessories,772.15,121.39,48,10,Fall
ORD2008,2025-10-05,South,Office Supplies,Bookcases,196.2,158.84,103,10,Fall
ORD2009,2025-10-06,South,Office Supplies,Copiers,191.79,288.31,55,10,Fall
ORD2010,2025-10-07,East,Technology,Binders,304.77,-11.4,46,10,Fall
ORD2011,2025-10-08,East,Furniture,Copiers,393.02,200.92,101,10,Fall
ORD2012,2025-10-09,West,Office Supplies,Storage,438.03,17.27,69,10,Fall
ORD2013,2025-10-10,Central,Furniture,Copiers,695.71,234.77,40,10,Fall
ORD2014,2025-10-11,East,Office Supplies,Storage,103.85,-109.67,20,10,Fall
ORD2015,2025-10-12,West,Furniture,Accessories,82.94,273.84,96,10,Fall
ORD2016,2025-10-13,West,Technology,Phones,422.32,-90.61,11,10,Fall
ORD2017,2025-10-14,Central,Office Supplies,Phones,712.31,-36.89,113,10,Fall
ORD2018,2025-10-15,South,Office Supplies,Tables,233.76,178.1,114,10,Fall
ORD2019,2025-10-16,East,Furniture,Copiers,659.43,-3.12,36,10,Fall
ORD2020,2025-10-17,Central,Furniture,Tables,296.84,104.11,108,10,Fall
ORD2021,2025-10-18,East,Office Supplies,Storage,891.78,22.29,11,10,Fall
ORD2022,2025-10-19,West,Technology,Accessories,900.91,171.18,112,10,Fall
ORD2023,2025-10-20,West,Furniture,Binders,332.42,-85.83,110,10,Fall
ORD2024,2025-10-21,South,Furniture,Binders,268.49,-170.77,30,10,Fall
ORD2025,2025-10-22,West,Furniture,Phones,440.74,-50.04,67,10,Fall
ORD2026,2025-10-23,West,Office Supplies,Bookcases,278.51,37.15,14,10,Fall
ORD2027,2025-10-24,Central,Office Supplies,Copiers,688.76,-115.99,61,10,Fall
ORD2028,2025-10-25,East,Office Supplies,Paper,834.76,-22.6,54,10,Fall
ORD2029,2025-10-26,East,Office Supplies,Paper,689.44,-0.01,94,10,Fall
ORD2030,2025-10-27,Central,Technology,Phones,833.13,-171.3,102,10,Fall
ORD2031,2025-10-28,South,Technology,Bookcases,427.14,91.65,29,10,Fall
ORD2032,2025-10-29,East,Office Supplies,Tables,198.5,242.17,70,10,Fall
ORD2033,2025-10-30,West,Technology,Storage,751.05,-124.13,47,10,Fall
ORD2034,2025-10-31,East,Furniture,Storage,392.45,98.9,29,10,Fall
ORD2035,2025-11-01,West,Furniture,Chairs,687.71,132.37,34,11,Fall
ORD2036,2025-11-02,South,Furniture,Phones,307.11,9.67,11,11,Fall
ORD2037,2025-11-03,Central,Office Supplies,Storage,127.17,150.55,41,11,Fall
ORD2038,2025-11-04,East,Furniture,Bookcases,992.95,5.37,35,11,Fall
ORD2039,2025-11-05,Central,Technology,Storage,198.39,52.32,79,11,Fall
ORD2040,2025-11-06,East,Office Supplies,Copiers,989.0,-196.32,50,11,Fall
ORD2041,2025-11-07,West,Technology,Chairs,978.42,145.86,76,11,Fall
ORD2042,2025-11-08,Central,Furniture,Paper,804.13,130.67,106,11,Fall
ORD2043,2025-11-09,East,Furniture,Phones,676.45,-180.8,10,11,Fall
ORD2044,2025-11-10,West,Furniture,Paper,598.92,-15.87,60,11,Fall
ORD2045,2025-11-11,Central,Office Supplies,Copiers,872.8,289.52,14,11,Fall
ORD2046,2025-11-12,Central,Technology,Accessories,324.97,10.37,22,11,Fall
ORD2047,2025-11-13,East,Office Supplies,Chairs,494.3,50.97,28,11,Fall
ORD2048,2025-11-14,East,Office Supplies,Phones,638.42,254.97,21,11,Fall
ORD2049,2025-11-15,East,Furniture,Storage,440.63,158.63,57,11,Fall
ORD2050,2025-11-16,West,Office Supplies,Phones,456.11,91.04,34,11,Fall
ORD2051,2025-11-17,East,Office Supplies,Copiers,363.77,198.9,66,11,Fall
ORD2052,2025-11-18,Central,Furniture,Chairs,586.02,232.18,44,11,Fall
ORD2053,2025-11-19,Central,Office Supplies,Phones,858.05,28.44,85,11,Fall
ORD2054,2025-11-20,East,Furniture,Copiers,241.45,37.55,103,11,Fall
ORD2055,2025-11-21,East,Furniture,Paper,937.71,-6.97,14,11,Fall
ORD2056,2025-11-22,South,Furniture,Chairs,704.63,283.35,107,11,Fall
ORD2057,2025-11-23,Central,Furniture,Tables,832.11,148.58,31,11,Fall
ORD2058,2025-11-24,West,Office Supplies,Chairs,578.38,-158.39,112,11,Fall
ORD2059,2025-11-25,South,Furniture,Phones,790.54,231.48,86,11,Fall
ORD2060,2025-11-26,East,Furniture,Chairs,65.39,40.28,66,11,Fall
ORD2061,2025-11-27,East,Office Supplies,Phones,827.46,-165.62,56,11,Fall
ORD2062,2025-11-28,Central,Office Supplies,Accessories,88.13,74.86,63,11,Fall
ORD2063,2025-11-29,East,Technology,Paper,895.42,8.58,12,11,Fall
ORD2064,2025-11-30,West,Office Supplies,Binders,992.36,238.87,62,11,Fall
ORD2065,2025-12-01,Central,Office Supplies,Binders,329.36,-98.0,93,12,Fall
ORD2066,2025-12-02,East,Technology,Paper,249.8,213.23,40,12,Fall
ORD2067,2025-12-03,Central,Office Supplies,Storage,777.1,78.84,78,12,Fall
ORD2068,2025-12-04,East,Office Supplies,Copiers,290.38,-172.69,97,12,Fall
ORD2069,2025-12-05,East,Office Supplies,Accessories,872.28,285.92,113,12,Fall
ORD2070,2025-12-06,East,Office Supplies,Chairs,147.7,56.31,42,12,Fall
ORD2071,2025-12-07,West,Technology,Phones,169.66,-54.56,81,12,Fall
ORD2072,2025-12-08,West,Office Supplies,Copiers,980.19,34.7,97,12,Fall
ORD2073,2025-12-09,Central,Office Supplies,Storage,690.15,228.93,59,12,Fall
ORD2074,2025-12-10,East,Technology,Accessories,854.54,-47.55,93,12,Fall
ORD2075,2025-12-11,East,Furniture,Storage,358.11,-103.66,25,12,Fall
ORD2076,2025-12-12,West,Technology,Tables,692.66,-135.46,85,12,Fall
ORD2077,2025-12-13,East,Furniture,Bookcases,614.53,-51.07,86,12,Fall
ORD2078,2025-12-14,West,Technology,Copiers,622.99,190.02,118,12,Fall
ORD2079,2025-12-15,East,Technology,Bookcases,698.41,35.81,115,12,Fall
ORD2080,2025-12-16,Central,Office Supplies,Phones,596.59,-86.26,48,12,Fall
ORD2081,2025-12-17,East,Furniture,Chairs,457.61,-116.91,98,12,Fall
ORD2082,2025-12-18,East,Office Supplies,Binders,312.13,-33.64,55,12,Fall
ORD2083,2025-12-19,South,Furniture,Storage,780.15,269.96,105,12,Fall
ORD2084,2025-12-20,West,Technology,Paper,264.96,-28.49,97,12,Fall
ORD2085,2025-12-21,East,Technology,Paper,707.74,294.06,56,12,Fall
ORD2086,2025-12-22,East,Furniture,Accessories,271.67,42.62,53,12,Fall
ORD2087,2025-12-23,South,Office Supplies,Tables,644.06,-110.42,18,12,Fall
ORD2088,2025-12-24,South,Office Supplies,Phones,759.72,245.57,113,12,Fall
ORD2089,2025-12-25,West,Office Supplies,Binders,257.78,30.18,96,12,Fall
ORD2090,2025-12-26,South,Office Supplies,Copiers,106.95,154.84,59,12,Fall
ORD2091,2025-12-27,Central,Technology,Bookcases,174.43,291.86,86,12,Fall
ORD2092,2025-12-28,South,Technology,Accessories,625.7,-174.91,69,12,Fall
ORD2093,2025-12-29,Central,Technology,Chairs,856.97,-151.65,105,12,Fall
ORD2094,2025-12-30,West,Technology,Accessories,92.75,160.23,24,12,Fall
ORD2095,2025-12-31,West,Technology,Bookcases,747.44,-59.09,45,12,Fall
ORD2096,2026-01-01,West,Office Supplies,Bookcases,374.25,-107.85,72,1,Winter
ORD2097,2026-01-02,West,Office Supplies,Paper,504.6,-180.32,78,1,Winter
ORD2098,2026-01-03,West,Office Supplies,Bookcases,932.42,-189.08,95,1,Winter
ORD2099,2026-01-04,Central,Office Supplies,Paper,365.37,187.24,89,1,Winter
ORD2100,2026-01-05,Central,Technology,Binders,492.07,-132.78,50,1,Winter
ORD2101,2026-01-06,West,Technology,Paper,63.0,33.86,83,1,Winter
ORD2102,2026-01-07,South,Technology,Phones,127.52,102.95,33,1,Winter
ORD2103,2026-01-08,East,Furniture,Phones,295.66,14.18,91,1,Winter
ORD2104,2026-01-09,West,Office Supplies,Copiers,76.46,-186.45,58,1,Winter
ORD2105,2026-01-10,South,Office Supplies,Copiers,649.81,191.75,27,1,Winter
ORD2106,2026-01-11,East,Technology,Bookcases,455.08,-194.74,16,1,Winter
ORD2107,2026-01-12,West,Office Supplies,Tables,570.74,180.94,13,1,Winter
ORD2108,2026-01-13,West,Office Supplies,Accessories,215.91,246.65,99,1,Winter
ORD2109,2026-01-14,Central,Technology,Bookcases,331.14,16.42,78,1,Winter
ORD2110,2026-01-15,East,Furniture,Tables,680.63,67.77,69,1,Winter
ORD2111,2026-01-16,East,Furniture,Storage,967.04,38.49,64,1,Winter
ORD2112,2026-01-17,South,Furniture,Paper,97.9,-5.4,25,1,Winter
ORD2113,2026-01-18,Central,Technology,Binders,895.87,243.71,108,1,Winter
ORD2114,2026-01-19,Central,Office Supplies,Binders,598.04,246.97,99,1,Winter
ORD2115,2026-01-20,Central,Technology,Bookcases,585.72,-32.09,91,1,Winter
ORD2116,2026-01-21,Central,Technology,Accessories,525.26,107.53,38,1,Winter
ORD2117,2026-01-22,East,Office Supplies,Tables,115.92,263.45,32,1,Winter
ORD2118,2026-01-23,East,Furniture,Chairs,135.38,281.03,23,1,Winter
ORD2119,2026-01-24,West,Furniture,Chairs,620.87,54.48,88,1,Winter
ORD2120,2026-01-25,West,Technology,Storage,373.91,26.41,58,1,Winter
ORD2121,2026-01-26,Central,Furniture,Binders,921.4,-60.65,42,1,Winter
ORD2122,2026-01-27,Central,Technology,Storage,436.26,279.44,34,1,Winter
ORD2123,2026-01-28,Central,Technology,Phones,186.12,-128.59,30,1,Winter
ORD2124,2026-01-29,West,Office Supplies,Chairs,728.98,89.91,26,1,Winter
ORD2125,2026-01-30,South,Office Supplies,Accessories,328.69,-58.72,32,1,Winter
ORD2126,2026-01-31,South,Office Supplies,Binders,549.2,-60.5,66,1,Winter
ORD2127,2026-02-01,West,Technology,Phones,712.94,2.48,116,2,Winter
ORD2128,2026-02-02,West,Office Supplies,Bookcases,905.25,299.4,90,2,Winter
ORD2129,2026-02-03,West,Furniture,Chairs,802.58,-172.52,67,2,Winter
ORD2130,2026-02-04,West,Furniture,Storage,692.54,89.27,23,2,Winter
ORD2131,2026-02-05,West,Technology,Binders,695.65,-158.71,102,2,Winter
ORD2132,2026-02-06,West,Technology,Phones,948.63,-122.74,29,2,Winter
ORD2133,2026-02-07,Central,Office Supplies,Storage,331.03,19.78,39,2,Winter
ORD2134,2026-02-08,Central,Technology,Paper,51.06,55.23,28,2,Winter
ORD2135,2026-02-09,Central,Technology,Bookcases,308.36,-70.6,62,2,Winter
ORD2136,2026-02-10,Central,Furniture,Storage,257.0,-41.77,112,2,Winter
ORD2137,2026-02-11,West,Furniture,Storage,678.74,-156.52,65,2,Winter
ORD2138,2026-02-12,South,Office Supplies,Tables,652.03,-48.39,86,2,Winter
ORD2139,2026-02-13,East,Technology,Chairs,613.79,283.28,91,2,Winter
ORD2140,2026-02-14,West,Technology,Copiers,65.43,272.35,32,2,Winter
ORD2141,2026-02-15,East,Furniture,Storage,742.34,-32.56,71,2,Winter
ORD2142,2026-02-16,South,Technology,Tables,357.35,85.43,119,2,Winter
ORD2143,2026-02-17,Central,Furniture,Copiers,681.8,254.8,42,2,Winter
ORD2144,2026-02-18,South,Office Supplies,Phones,578.75,-196.91,112,2,Winter
ORD2145,2026-02-19,West,Furniture,Paper,375.59,205.34,113,2,Winter
ORD2146,2026-02-20,Central,Technology,Binders,177.85,274.18,27,2,Winter
ORD2147,2026-02-21,West,Office Supplies,Phones,139.7,-154.34,82,2,Winter
ORD2148,2026-02-22,Central,Furniture,Tables,839.94,-119.28,42,2,Winter
ORD2149,2026-02-23,East,Furniture,Copiers,922.48,280.37,41,2,Winter
ORD2150,2026-02-24,East,Office Supplies,Binders,667.3,68.77,70,2,Winter
ORD2151,2026-02-25,East,Office Supplies,Chairs,148.26,-192.9,63,2,Winter
ORD2152,2026-02-26,South,Furniture,Chairs,431.93,-71.18,26,2,Winter
ORD2153,2026-02-27,West,Technology,Phones,742.49,24.97,28,2,Winter
ORD2154,2026-02-28,South,Furniture,Paper,790.83,146.45,100,2,Winter
ORD2155,2026-03-01,East,Office Supplies,Accessories,162.31,166.58,79,3,Winter
ORD2156,2026-03-02,West,Furniture,Phones,50.03,297.71,108,3,Winter
ORD2157,2026-03-03,East,Office Supplies,Copiers,726.53,-56.24,110,3,Winter
ORD2158,2026-03-04,South,Office Supplies,Chairs,388.77,69.11,43,3,Winter
ORD2159,2026-03-05,South,Technology,Bookcases,291.76,66.66,93,3,Winter
ORD2160,2026-03-06,South,Office Supplies,Binders,62.25,2.82,34,3,Winter
ORD2161,2026-03-07,East,Office Supplies,Storage,563.28,-115.42,77,3,Winter
ORD2162,2026-03-08,West,Technology,Phones,858.59,288.73,83,3,Winter
ORD2163,2026-03-09,West,Office Supplies,Copiers,959.75,226.66,83,3,Winter
ORD2164,2026-03-10,East,Technology,Phones,587.46,49.17,97,3,Winter
ORD2165,2026-03-11,West,Technology,Binders,538.74,101.62,94,3,Winter
ORD2166,2026-03-12,East,Office Supplies,Bookcases,130.8,-86.37,20,3,Winter
ORD2167,2026-03-13,West,Office Supplies,Tables,571.43,71.89,100,3,Winter
ORD2168,2026-03-14,Central,Furniture,Copiers,410.98,147.49,25,3,Winter
ORD2169,2026-03-15,Central,Technology,Accessories,626.78,57.58,99,3,Winter
ORD2170,2026-03-16,South,Furniture,Phones,419.29,295.14,70,3,Winter
ORD2171,2026-03-17,Central,Office Supplies,Copiers,278.28,105.67,103,3,Winter
ORD2172,2026-03-18,Central,Furniture,Storage,140.22,-14.51,89,3,Winter
ORD2173,2026-03-19,Central,Technology,Bookcases,349.17,186.08,16,3,Winter
ORD2174,2026-03-20,East,Furniture,Accessories,141.81,-114.77,25,3,Winter
ORD2175,2026-03-21,Central,Technology,Paper,218.05,-7.74,108,3,Winter
ORD2176,2026-03-22,Central,Office Supplies,Phones,987.97,-26.52,25,3,Winter
ORD2177,2026-03-23,South,Office Supplies,Accessories,471.9,15.9,49,3,Winter
ORD2178,2026-03-24,Central,Technology,Tables,555.28,190.89,21,3,Winter
ORD2179,2026-03-25,Central,Office Supplies,Phones,879.94,42.09,44,3,Winter
ORD2180,2026-03-26,West,Office Supplies,Bookcases,995.79,197.01,30,3,Winter
ORD2181,2026-03-27,South,Office Supplies,Bookcases,603.58,88.24,59,3,Winter
ORD2182,2026-03-28,South,Office Supplies,Chairs,821.85,-28.97,52,3,Winter
ORD2183,2026-03-29,South,Technology,Storage,360.59,204.99,109,3,Winter
ORD2184,2026-03-30,South,Furniture,Paper,340.46,-80.86,26,3,Winter
ORD2185,2026-03-31,South,Furniture,Chairs,432.57,-87.81,41,3,Winter
ORD2186,2026-04-01,South,Office Supplies,Phones,688.88,52.25,50,4,Spring
ORD2187,2026-04-02,East,Furniture,Chairs,698.08,-69.58,15,4,Spring
ORD2188,2026-04-03,Central,Furniture,Copiers,349.48,-195.46,97,4,Spring
ORD2189,2026-04-04,South,Office Supplies,Chairs,176.55,124.15,36,4,Spring
ORD2190,2026-04-05,Central,Office Supplies,Phones,650.78,55.55,29,4,Spring
ORD2191,2026-04-06,Central,Furniture,Binders,171.91,22.76,34,4,Spring
ORD2192,2026-04-07,East,Technology,Copiers,599.57,283.48,75,4,Spring
ORD2193,2026-04-08,South,Office Supplies,Tables,708.75,85.6,18,4,Spring
ORD2194,2026-04-09,West,Technology,Binders,715.58,231.72,101,4,Spring
ORD2195,2026-04-10,East,Furniture,Accessories,765.8,-130.27,62,4,Spring
ORD2196,2026-04-11,West,Office Supplies,Copiers,879.22,84.6,70,4,Spring
ORD2197,2026-04-12,Central,Technology,Copiers,524.96,233.99,47,4,Spring
ORD2198,2026-04-13,Central,Office Supplies,Copiers,743.74,91.55,12,4,Spring
ORD2199,2026-04-14,East,Furniture,Copiers,638.21,159.01,93,4,Spring
